Movie,Release Date,Budget,Opening Weekend,Director,Director Gross,Actors,Actor Grosses
Metropolis,"Mar6,1927",N/A,19386,N/A,,[],[]
The Getaway,"Dec15,1972",N/A,N/A,Sam Peckinpah,14625380,"[u'Ali MacGraw', u'Ben Johnson', u'Steve McQueen']","[42631703, 11434838, 32971241]"
The Warriors,"Feb9,1979",N/A,3529675,Walter Hill,24601290,"[u'Mercedes Ruehl', u'James Remar', u'David Patrick Kelly']","[21082571, 37484186, 31741681]"
Apocalypse Now,"Aug15,1979",31500000,118558,Francis Ford Coppola,32413947,"[u'Harrison Ford', u'Robert Duvall', u'Martin Sheen']","[94283840, 33085877, 24299895]"
City on Fire,"Sep14,1979",N/A,N/A,N/A,,"[u'Barry Newman', u'Susan Clark', u'Shelley Winters']","[17898042, 0, 16272730]"
Victory,"Jul31,1981",N/A,2488808,John Huston,16973261,"[u'Max von Sydow', u'Michael Caine', u'Sylvester Stallone']","[34266764, 42745134, 43488720]"
Sorceress,"Oct1,1982",N/A,1358792,N/A,,[],[]
First Blood,"Oct22,1982",14000000,6642005,Ted Kotcheff,15383366,"[u'Sylvester Stallone', u'Bill McKinney', u'Bruce Greenwood']","[43488720, 32707494, 45420554]"
Vigilante,"Mar4,1983",N/A,1588464,N/A,,"[u'Robert Forster', u'Fred Williamson', u'Steve James']","[17975963, 33989338, 9381347]"
Breathless,"May13,1983",N/A,4384369,Jim McBride,19910002,"[u'Richard Gere', u'Lisa Jane Persky', u'James Hong']","[34580888, 16787275, 29481541]"
Beverly Hills Cop,"Dec5,1984",15000000,15214805,Martin Brest,77561447,"[u'Eddie Murphy', u'Lisa Eilbacher', u'Steven Berkoff']","[100284855, 80019036, 51016406]"
Tuff Turf,"Jan11,1985",N/A,1509380,Fritz Kiersch,9369329,"[u'James Spader', u'Kim Richards', u'Paul Mones']","[21952977, 28646264, 9369329]"
Rambo: First Blood Part II,"May22,1985",44000000,25520843,George P. Cosmatos,45760215,"[u'Sylvester Stallone', u'Steven Berkoff', u'Richard Crenna']","[43488720, 51016406, 27848254]"
Highlander,"Mar7,1986",16000000,2453021,Russell Mulcahy,14563446,"[u'Sean Connery', u'Clancy Brown', u'Christopher Lambert']","[36301299, 26759443, 9841397]"
Top Gun,"May16,1986",15000000,8193052,Tony Scott,56893484,"[u'Tom Cruise', u'Kelly McGillis', u'Val Kilmer']","[97643800, 32995651, 28199532]"
"The Karate Kid, Part II","Jun20,1986",N/A,12652336,John G. Avildsen,36855451,"[u'Ralph Macchio', u'Pat Morita', u'B.D. Wong']","[33496693, 28994940, 59420550]"
Aliens,"Jul18,1986",17000000,10052042,James Cameron,181279914,"[u'Bill Paxton', u'Sigourney Weaver', u'Michael Biehn']","[52566524, 53554609, 36034667]"
52 Pick-Up,"Nov7,1986",N/A,1654835,John Frankenheimer,12770018,"[u'Roy Scheider', u'Ann-Margret', u'Kelly Preston']","[25277382, 26971882, 29852535]"
Beverly Hills Cop II,"May20,1987",20000000,26348555,Tony Scott,56893484,"[u'Eddie Murphy', u'Chris Rock', u'Tommy ""Tiny"" Lister']","[100284855, 61350736, 31456911]"
Innerspace,"Jul3,1987",N/A,4739913,Joe Dante,29828502,"[u'Dennis Quaid', u'Martin Short', u'Meg Ryan']","[33387931, 33266758, 37053552]"
Nowhere to Hide,"Jul17,1987",N/A,265164,N/A,,"[u'Amy Madigan', u'Michael Ironside', u'Daniel Hugh Kelly']","[15027360, 29515814, 25417541]"
Batman,"Jun23,1989",35000000,40489330,Tim Burton,120287852,"[u'Jack Nicholson', u'Michael Keaton', u'Kim Basinger']","[53306586, 55820608, 29100521]"
Lethal Weapon 2,"Jul7,1989",N/A,20388800,N/A,,"[u'Mel Gibson', u'Danny Glover', u'Joe Pesci']","[59464495, 40078002, 54915947]"
The Abyss,"Aug9,1989",70000000,9319797,James Cameron,181279914,"[u'Ed Harris', u'Mary Elizabeth Mastrantonio', u'Michael Biehn']","[35694959, 35726665, 36034667]"
The Package,"Aug25,1989",N/A,1851673,Andrew Davis,51963859,"[u'Gene Hackman', u'Pam Grier', u'Tommy Lee Jones']","[37020054, 14362424, 54134992]"
Henry V,"Nov8,1989",9000000,98766,Kenneth Branagh,10824743,"[u'Kenneth Branagh', u'Christian Bale', u'Ian Holm']","[27790178, 51780648, 45142016]"
Bird on a Wire,"May18,1990",N/A,15338160,John Badham,40962047,"[u'Mel Gibson', u'Goldie Hawn', u'David Carradine']","[59464495, 33571082, 14359587]"
Total Recall,"Jun1,1990",65000000,25533700,Paul Verhoeven,55421790,"[u'Sharon Stone', u'Arnold Schwarzenegger', u'Michael Ironside']","[24884089, 64253621, 29515814]"
Dick Tracy,"Jun15,1990",47000000,22543911,Warren Beatty,69766852,"[u'Warren Beatty', u'Madonna', u'Al Pacino']","[37873274, 30276699, 38834504]"
Days of Thunder,"Jun27,1990",60000000,15490445,Tony Scott,56893484,"[u'Tom Cruise', u'Leilani Sarelle', u'Robert Duvall']","[97643800, 82670733, 33085877]"
Die Hard 2,"Jul3,1990",70000000,21744661,Renny Harlin,33769537,"[u'Bruce Willis', u'Robert Patrick', u'John Leguizamo']","[50258978, 43368858, 33105288]"
Air America,"Aug10,1990",N/A,8064480,Roger Spottiswoode,33495049,"[u'Mel Gibson', u'Robert Downey, Jr.', u'Nancy Travis']","[59464495, 38879474, 25305026]"
Hardware,"Sep14,1990",N/A,2557498,N/A,,"[u'Dylan McDermott', u'Stacey Travis', u'Iggy Pop']","[16652941, 12762560, 18963978]"
If Looks Could Kill,"Mar15,1991",N/A,2246819,N/A,,"[u'Richard Grieco', u'Linda Hunt', u'Roger Rees']","[19056095, 32688122, 24750601]"
Toy Soldiers,"Apr26,1991",N/A,4182300,Daniel Petrie Jr,106971445,"[u'Sean Astin', u'Wil Wheaton', u'Keith Coogan']","[64362655, 31823587, 20528749]"
Stone Cold,"May17,1991",25000000,2811154,N/A,,"[u'Lance Henriksen', u'William Forsythe', u'Brian Bosworth']","[32750000, 22727284, 76019270]"
Thelma & Louise,"May24,1991",N/A,6101297,Ridley Scott,55438725,"[u'Susan Sarandon', u'Geena Davis', u'Harvey Keitel']","[26282140, 49673896, 30240492]"
Terminator 2: Judgment Day,"Jul2,1991",100000000,31765506,James Cameron,181279914,"[u'Arnold Schwarzenegger', u'Linda Hamilton', u'Edward Furlong']","[64253621, 29805509, 16744451]"
Point Break,"Jul12,1991",N/A,8514616,Kathryn Bigelow,16356766,"[u'Patrick Swayze', u'Keanu Reeves', u'Gary Busey']","[22314406, 47324027, 24768918]"
Highlander II: The Quickening,"Nov1,1991",N/A,5280490,Russell Mulcahy,14563446,"[u'Sean Connery', u'Christopher Lambert', u'John C. McGinley']","[36301299, 9841397, 27231563]"
Gladiator,"Mar6,1992",N/A,3305189,N/A,,"[u'Robert Loggia', u'Ossie Davis', u'Cuba Gooding, Jr.']","[25252265, 32049680, 48145770]"
Lethal Weapon 3,"May15,1992",35000000,33243086,Richard Donner,74991928,"[u'Mel Gibson', u'Miguel A. N\xfa\xf1ez, Jr.', u'Nick Chinlund']","[59464495, 35529703, 34802166]"
Alien 3,"May22,1992",55000000,23141188,David Fincher,74151121,"[u'Charles S. Dutton', u'Lance Henriksen', u'Sigourney Weaver']","[24539998, 32750000, 53554609]"
Patriot Games,"Jun5,1992",45000000,18511191,Phillip Noyce,40046862,"[u'Harrison Ford', u'Anne Archer', u'Patrick Bergin']","[94283840, 32109301, 23120862]"
Batman Returns,"Jun18,1992",80000000,45687710,Tim Burton,120287852,"[u'Michael Keaton', u'Danny De Vito', u'Michelle Pfeiffer']","[55820608, 39154098, 38444284]"
Sneakers,"Sep9,1992",N/A,10031145,Phil Alden Robinson,58833736,"[u'Stephen Tobolowsky', u'Donal Logue', u'James Earl Jones']","[26449734, 35069577, 58682690]"
Menace II Society,"May26,1993",3500000,3839638,Albert Hughes,20934438,"[u'Tyrin Turner', u'Jada Pinkett Smith', u'Bill Duke']","[13865763, 64435503, 41458697]"
Jurassic Park,"Jun11,1993",63000000,N/A,Steven Spielberg,114103745,"[u'Sam Neill', u'Laura Dern', u'Jeff Goldblum']","[40250409, 35036850, 40486736]"
Hard Target,"Aug20,1993",N/A,10106500,John Woo,59407571,"[u'Jean-Claude Van Damme', u'Marco St. John', u'Yancy Butler']","[21365856, 21854442, 30121686]"
Fortress,"Sep3,1993",12000000,4040711,1993/09/03,,"[u'Jeffrey Combs', u'Christopher Lambert', u'Clifton Collins, Jr.']","[23357311, 9841397, 28017035]"
Striking Distance,"Sep17,1993",N/A,8705808,N/A,,"[u'Tom Sizemore', u'Dennis Farina', u'Bruce Willis']","[35460326, 26506680, 50258978]"
The Program,"Sep24,1993",N/A,6821931,N/A,,"[u'James Caan', u'Halle Berry', u'Omar Epps']","[32774808, 56908615, 21931364]"
Demolition Man,"Oct8,1993",N/A,14262432,N/A,,"[u'Denis Leary', u'Rob Schneider', u'Jack Black']","[33604454, 66235389, 55169182]"
RoboCop 3,"Nov5,1993",22000000,4304829,N/A,,"[u'Rip Torn', u'Mako', u'Bradley Whitford']","[23952677, 34825165, 33732203]"
Batman: Mask of the Phantasm,"Dec25,1993",N/A,1406291,N/A,,"[u'Mark Hamill', u'Stacy Keach', u'Kevin Conroy']","[86459087, 13495882, 2808695]"
Death Wish V: The Face of Death,"Jan14,1994",N/A,503936,N/A,,"[u'Charles Bronson', u'Lesley-Anne Down', u'Saul Rubinek']","[11051113, 9382314, 28745270]"
The Getaway,"Feb11,1994",N/A,5806515,Roger Donaldson,32762925,"[u'Alec Baldwin', u'Michael Madsen', u'Jennifer Tilly']","[41955819, 32096349, 28028659]"
On Deadly Ground,"Feb18,1994",50000000,12679573,Steven Seagal,38590458,"[u'Billy Bob Thornton', u'Steven Seagal', u'John C. McGinley']","[28258272, 24587180, 27231563]"
Surviving the Game,"Apr15,1994",N/A,2907468,N/A,,"[u'Charles S. Dutton', u'John C. McGinley', u'Gary Busey']","[24539998, 27231563, 24768918]"
No Escape,"Apr29,1994",N/A,4588736,Martin Campbell,50961319,"[u'Ray Liotta', u'Lance Henriksen', u'Stuart Wilson']","[30045251, 32750000, 32371144]"
3 Ninjas Kick Back,"May6,1994",20000000,3556310,N/A,,"[u'Victor Wong', u'Max Elliott Slade', u'Sean Fox']","[14911715, 35307102, 7123036]"
The Crow,"May11,1994",N/A,11774332,Alex Proyas,57970481,"[u'Ernie Hudson', u'Brandon Lee', u'David Patrick Kelly']","[31277714, 22423370, 31741681]"
Beverly Hills Cop III,"May25,1994",50000000,15276224,John Landis,42964322,"[u'Eddie Murphy', u'Hector Elizondo', u'Judge Reinhold']","[100284855, 34444666, 59343551]"
Speed,"Jun10,1994",30000000,14456194,Jan De Bont,85928292,"[u'Keanu Reeves', u'Dennis Hopper', u'Sandra Bullock']","[47324027, 14405691, 57091993]"
The Shadow,"Jul1,1994",40000000,11713845,Russell Mulcahy,14563446,"[u'Alec Baldwin', u'Ian McKellen', u'Tim Curry']","[41955819, 68850095, 43743661]"
Blown Away,"Jul1,1994",N/A,10424873,Stephen Hopkins,28233733,"[u'Forest Whitaker', u'Tommy Lee Jones', u'Jeff Bridges']","[27223174, 54134992, 34092114]"
True Lies,"Jul15,1994",100000000,25869770,James Cameron,181279914,"[u'Arnold Schwarzenegger', u'Jamie Lee Curtis', u'Tom Arnold']","[64253621, 32138987, 17694971]"
Clear and Present Danger,"Aug3,1994",62000000,20348017,Phillip Noyce,40046862,"[u'Harrison Ford', u'James Earl Jones', u'Thora Birch']","[94283840, 58682690, 36012079]"
The Next Karate Kid,"Aug12,1994",N/A,2620484,N/A,,"[u'Pat Morita', u'Hilary Swank', u'Michael Ironside']","[28994940, 27000454, 29515814]"
Timecop,"Sep16,1994",28000000,12064625,Peter Hyams,22976469,"[u'Jean-Claude Van Damme', u'Mia Sara', u'Ron Silver']","[21365856, 23874449, 19601194]"
Terminal Velocity,"Sep23,1994",N/A,5500404,N/A,,"[u'Charlie Sheen', u'Rance Howard', u'Nastassja Kinski']","[29236032, 44997376, 6137146]"
The River Wild,"Sep30,1994",45000000,10214450,Curtis Hanson,40071863,"[u'John C. Reilly', u'Benjamin Bratt', u'Meryl Streep']","[37663494, 31980600, 34931093]"
The Specialist,"Oct7,1994",45000000,14317765,N/A,,"[u'Sharon Stone', u'James Woods', u'Sylvester Stallone']","[24884089, 25699662, 43488720]"
Stargate,"Oct28,1994",55000000,16651018,Roland Emmerich,138914578,"[u'Kurt Russell', u'James Spader', u'Jaye Davidson']","[43797553, 21952977, 67056182]"
Double Dragon,"Nov4,1994",N/A,1376561,N/A,,"[u'Andy Dick', u'Robert Patrick', u'Alyssa Milano']","[29496187, 43368858, 8442927]"
A Low Down Dirty Shame,"Nov23,1994",10000000,7970574,Keenen Ivory Wayans,66405029,"[u'Jada Pinkett Smith', u'Charles S. Dutton', u'Keenen Ivory Wayans']","[64435503, 24539998, 34740691]"
Drop Zone,"Dec9,1994",N/A,6143566,John Badham,40962047,"[u'Wesley Snipes', u'Gary Busey', u'Yancy Butler']","[31170325, 24768918, 30121686]"
Street Fighter,"Dec23,1994",35000000,9508030,N/A,,"[u'Jean-Claude Van Damme', u'Raul Julia', u'Kylie Minogue']","[21365856, 27879729, 27920769]"
Highlander III: The Sorcerer,"Jan27,1995",26000000,5636435,N/A,,"[u'Christopher Lambert', u'Mako', u'Mario Van Peebles']","[9841397, 34825165, 17949937]"
The Hunted,"Feb24,1995",N/A,2723495,N/A,,"[u'Christopher Lambert', u'Joan Chen', u'John Lone']","[9841397, 12307016, 50991629]"
Tank Girl,"Mar1,1995",25000000,2018183,N/A,,"[u'Naomi Watts', u'Ice-T', u'Malcolm McDowell']","[24129269, 13285372, 19788443]"
Bad Boys,"Apr7,1995",23000000,15523358,Michael Bay,173420686,"[u'Martin Lawrence', u'Will Smith', u'Tea Leoni']","[53277530, 127172954, 53310087]"
3 Ninjas Knuckle Up,"Apr7,1995",N/A,N/A,N/A,,"[u'Victor Wong', u'Charles Napier', u'Michael Treanor']","[14911715, 37429403, 14717809]"
Top Dog,"Apr28,1995",N/A,2164381,Aaron Norris,6721746,"[u'Chuck Norris', u'Timothy Bottoms', u'George S. Clinton']",[]
Crimson Tide,"May12,1995",55000000,18612190,Tony Scott,56893484,"[u'Denzel Washington', u'Gene Hackman', u'George Dzundza']","[47090683, 37020054, 34710063]"
Die Hard: With a Vengeance,"May19,1995",90000000,22162245,John McTiernan,50553667,"[u'Bruce Willis', u'Jeremy Irons', u'Samuel L. Jackson']","[50258978, 29210889, 54796003]"
Johnny Mnemonic,"May26,1995",N/A,7420808,Robert Longo,19006201,"[u'Keanu Reeves', u'Dolph Lundgren', u'Takeshi Kitano']","[47324027, 30396065, 6551677]"
Batman Forever,"Jun16,1995",100000000,52784433,Joel Schumacher,41791552,"[u'Val Kilmer', u'Tommy Lee Jones', u'Jim Carrey']","[28199532, 54134992, 85765823]"
Judge Dredd,"Jun30,1995",85000000,12291536,N/A,,"[u'Sylvester Stallone', u'Scott Wilson', u'James Remar']","[43488720, 27623068, 37484186]"
Species,"Jul7,1995",35000000,17161943,Roger Donaldson,32762925,"[u'Natasha Henstridge', u'Michael Madsen', u'Ben Kingsley']","[21707942, 32096349, 22360597]"
Under Siege 2: Dark Territory,"Jul14,1995",60000000,12624402,N/A,,"[u'Katherine Heigl', u'Steven Seagal', u'Morris Chestnut']","[38610070, 24587180, 34783830]"
Waterworld,"Jul28,1995",175000000,21171780,Kevin Reynolds,46977410,"[u'Kevin Costner', u'Dennis Hopper', u'Jeanne Tripplehorn']","[41351752, 14405691, 24874227]"
Virtuosity,"Aug4,1995",30000000,8309869,N/A,,"[u'Denzel Washington', u'Russell Crowe', u'William Fichtner']","[47090683, 37513668, 73611866]"
Mortal Kombat,"Aug18,1995",20000000,23283887,Paul Anderson,41072494,"[u'Bridgette Wilson', u'Christopher Lambert', u'Cary-Hiroyuki Tagawa']","[21859134, 9841397, 42286360]"
Desperado,"Aug25,1995",7000000,7910446,Robert Rodriguez,44784344,"[u'Antonio Banderas', u'Steve Buscemi', u'Salma Hayek']","[49913828, 29826280, 33227285]"
Assassins,"Oct6,1995",50000000,9378637,Richard Donner,74991928,"[u'Sylvester Stallone', u'Julianne Moore', u'Antonio Banderas']","[43488720, 28028783, 49913828]"
Fair Game,"Nov3,1995",50000000,4946332,N/A,,"[u'Salma Hayek', u'William Baldwin', u'Dan Hedaya']","[33227285, 23664393, 30453445]"
Goldeneye,"Nov17,1995",60000000,26205007,Martin Campbell,50961319,"[u'Pierce Brosnan', u'Minnie Driver', u'Judi Dench']","[40512590, 30201518, 43377624]"
Money Train,"Nov22,1995",68000000,10608297,Joseph Ruben,33076821,"[u'Wesley Snipes', u'Woody Harrelson', u'Jennifer Lopez']","[31170325, 27109336, 38488850]"
Sudden Death,"Dec22,1995",N/A,4782445,Peter Hyams,22976469,"[u'Jean-Claude Van Damme', u'Powers Boothe', u'Raymond J. Barry']","[21365856, 25972365, 26105820]"
Lawnmower Man 2: Beyond Cyberspace,"Jan12,1996",N/A,1643530,N/A,,"[u'Molly Shannon', u'Kevin Conway', u'Patrick Bergin']","[46550306, 16970529, 23120862]"
Screamers,"Jan26,1996",N/A,2904140,Christian Duguay,10334318,"[u'Peter Weller', u'Jennifer Rubin', u'Roy Dupuis']","[9553841, 16214268, 1285234]"
Broken Arrow,"Feb9,1996",65000000,15583510,John Woo,59407571,"[u'John Travolta', u'Christian Slater', u'Samantha Mathis']","[59086253, 22122208, 20762497]"
Rumble in the Bronx,"Feb23,1996",7500000,9858380,N/A,,"[u'Jackie Chan', u'Nathan Wang', u'J. Peter Robinson']",[]
Bloodsport 2,"Mar1,1996",N/A,152154,N/A,,"[u'Pat Morita', u'James Hong', u'Daniel Bernhardt']","[28994940, 29481541, 94079346]"
The Quest,"Apr26,1996",N/A,7029120,Jean-Claude Van Damme,21607190,"[u'Jean-Claude Van Damme', u'James Remar', u'Roger Moore']","[21365856, 37484186, 36819300]"
Barb Wire,"May3,1996",N/A,1844426,N/A,,"[u'Tommy ""Tiny"" Lister', u'Jack Noseworthy', u'Clint Howard']","[31456911, 23601785, 52469751]"
Twister,"May10,1996",88000000,41059405,Jan De Bont,85928292,"[u'Helen Hunt', u'Bill Paxton', u'Cary Elwes']","[50011720, 52566524, 41607069]"
Original Gangstas,"May10,1996",N/A,1157721,N/A,,"[u'Pam Grier', u'Robert Forster', u'Fred Williamson']","[14362424, 17975963, 33989338]"
Mission: Impossible,"May21,1996",80000000,45436830,Brian De Palma,33074745,"[u'Tom Cruise', u'Jon Voight', u'Emmanuelle Beart']","[97643800, 61548886, 31356849]"
The Rock,"Jun7,1996",75000000,25069525,Michael Bay,173420686,"[u'Sean Connery', u'Nicolas Cage', u'Ed Harris']","[36301299, 43698332, 35694959]"
The Phantom,"Jun7,1996",45000000,5072346,Simon Wincer,22638403,"[u'Billy Zane', u'Catherine Zeta-Jones', u'Kristy Swanson']","[42242861, 59457280, 32460028]"
Eraser,"Jun21,1996",100000000,24566446,Chuck Russell,65071020,"[u'Arnold Schwarzenegger', u'James Caan', u'Vanessa Williams']","[64253621, 32774808, 27651617]"
Fled,"Jul19,1996",30000000,5405855,Kevin Hooks,12437736,"[u'Will Patton', u'Salma Hayek', u'Stephen Baldwin']","[25799070, 33227285, 19256108]"
Supercop,"Jul26,1996",N/A,5503176,Stanley Tong,13077363,"[u'Jackie Chan', u'Michelle Yeoh', u'Stanley Tong']",[]
Chain Reaction,"Aug2,1996",55000000,7545944,Andrew Davis,51963859,"[u'Morgan Freeman', u'Keanu Reeves', u'Kevin Dunn']","[58006108, 47324027, 52757679]"
Escape from L.A.,"Aug9,1996",50000000,8912557,John Carpenter,18782045,"[u'Pam Grier', u'Steve Buscemi', u'Kurt Russell']","[14362424, 29826280, 43797553]"
Solo,"Aug23,1996",N/A,2228668,N/A,,[],[]
The Crow: City of Angels,"Aug30,1996",N/A,9785111,N/A,,"[u'Vincent Perez', u'Thomas Jane', u'Mia Kirshner']","[5604096, 17446906, 9461252]"
Bulletproof,"Sep6,1996",N/A,6014400,Ernest Dickerson,21630759,"[u'Damon Wayans', u'Adam Sandler', u'James Caan']","[34216369, 71024203, 32774808]"
Maximum Risk,"Sep13,1996",25000000,5612707,N/A,,[],[]
American Strays,"Sep13,1996",N/A,N/A,N/A,,"[u'Jennifer Tilly', u'Melora Walters', u'Patrick Warburton']","[28028659, 38844782, 51143094]"
Last Man Standing,"Sep20,1996",67000000,7010333,Walter Hill,24601290,"[u'Bruce Willis', u'Christopher Walken', u'Bruce Dern']","[50258978, 32438325, 14418618]"
The Glimmer Man,"Oct4,1996",45000000,7605504,John Gray,20404841,"[u'Steven Seagal', u'Keenen Ivory Wayans', u'Stephen Tobolowsky']","[24587180, 34740691, 26449734]"
The Ghost and the Darkness,"Oct11,1996",55000000,10321400,Stephen Hopkins,28233733,"[u'Michael Douglas', u'Val Kilmer', u'Tom Wilkinson']","[42147338, 28199532, 30700791]"
The Long Kiss Goodnight,"Oct11,1996",65000000,10183230,Renny Harlin,33769537,"[u'Geena Davis', u'Samuel L. Jackson', u'Patrick Malahide']","[49673896, 54796003, 24885260]"
Ransom,"Nov8,1996",70000000,34216088,Ron Howard,83840517,"[u'Mel Gibson', u'Rene Russo', u'Gary Sinise']","[59464495, 55718666, 55091131]"
Daylight,"Dec6,1996",80000000,10015875,Rob Cohen,61278396,"[u'Sylvester Stallone', u'Dan Hedaya', u'Viggo Mortensen']","[43488720, 30453445, 57709849]"
Jackie Chan's First Strike,"Jan10,1997",N/A,5778933,Stanley Tong,13077363,"[u'Jackie Chan', u'Nathan Wang', u'J. Peter Robinson']",[]
Metro,"Jan17,1997",N/A,11411107,N/A,,"[u'Eddie Murphy', u'Michael Rapaport', u'Donal Logue']","[100284855, 22422342, 35069577]"
Turbo: A Power Rangers Movie,"Mar28,1997",N/A,3301135,N/A,,[],[]
The Saint,"Apr4,1997",90000000,16278873,Phillip Noyce,40046862,"[u'Elisabeth Shue', u'Val Kilmer', u'Emily Mortimer']","[29682397, 28199532, 27528950]"
Double Team,"Apr4,1997",N/A,5034914,N/A,,"[u'Jean-Claude Van Damme', u'Mickey Rourke', u'Dennis Rodman']","[21365856, 27046172, 8323548]"
Volcano,"Apr25,1997",90000000,14581740,Mick Jackson,41191719,"[u'Tommy Lee Jones', u'Anne Heche', u'Mick Jackson']",[]
Warriors of Virtue,"May2,1997",35000000,3277084,Ronny Yu,36527347,"[u'Angus MacFadyen', u'Marley Shelton', u'Lee Arenberg']","[27213817, 17958663, 52782448]"
The Fifth Element,"May9,1997",95000000,17031345,Luc Besson,21547666,"[u'Milla Jovovich', u'Bruce Willis', u'Chris Tucker']","[21401747, 50258978, 72941433]"
The Lost World: Jurassic Park,"May22,1997",75000000,72132785,Steven Spielberg,114103745,"[u'Jeff Goldblum', u'Julianne Moore', u'Pete Postlethwaite']","[40486736, 28028783, 49596164]"
Con Air,"Jun6,1997",80000000,24131738,Simon West,98293313,"[u'Nicolas Cage', u'John Cusack', u'John Malkovich']","[43698332, 23168062, 20494676]"
Speed II: Cruise Control,"Jun13,1997",110000000,16158942,Jan De Bont,85928292,"[u'Jason Patric', u'Sandra Bullock', u'Willem Dafoe']","[14787256, 57091993, 46330065]"
Batman & Robin,"Jun20,1997",125000000,42872605,Joel Schumacher,41791552,"[u'George Clooney', u'Arnold Schwarzenegger', u""Chris O'Donnell""]","[58364775, 64253621, 39855743]"
Face/Off,"Jun27,1997",80000000,23387530,John Woo,59407571,"[u'John Travolta', u'Nicolas Cage', u'Joan Allen']","[59086253, 43698332, 31479849]"
Operation Condor,"Jul18,1997",N/A,4731751,N/A,,[],[]
Air Force One,"Jul25,1997",85000000,37132505,Wolfgang Petersen,77621780,"[u'Harrison Ford', u'Gary Oldman', u'Wendy Crewson']","[94283840, 85570929, 51518883]"
Spawn,"Jul31,1997",40000000,19738749,N/A,,"[u'John Leguizamo', u'D.B. Sweeney', u'Martin Sheen']","[33105288, 23318261, 24299895]"
Steel,"Aug15,1997",16000000,870068,N/A,,"[u'Annabeth Gish', u'Hill Harper', u'Judd Nelson']","[15154009, 10102063, 14854916]"
Money Talks,"Aug22,1997",25000000,10654369,Brett Ratner,85688542,"[u'Charlie Sheen', u'Paul Sorvino', u'Chris Tucker']","[29236032, 18355287, 72941433]"
Masterminds,"Aug22,1997",N/A,1014606,N/A,,"[u'Patrick Stewart', u'Jon Abrahams', u'Bradley Whitford']","[56356199, 37832550, 33732203]"
Kull The Conqueror,"Aug29,1997",N/A,3450145,N/A,,"[u'Pat Roach', u'Sven-Ole Thorsen', u'Harvey Fierstein']","[73082567, 53171747, 57817107]"
Fire Down Below,"Sep5,1997",N/A,6073094,N/A,,"[u'Steven Seagal', u'Kris Kristofferson', u'Harry Dean Stanton']","[24587180, 23679204, 19518758]"
The Peacemaker,"Sep26,1997",50000000,12311939,Mimi Leder,53809181,"[u'George Clooney', u'Nicole Kidman', u'Marcel Iures']","[58364775, 41865056, 15974139]"
Most Wanted,"Oct10,1997",N/A,2836490,Simon Baker,,"[u'Keenen Ivory Wayans', u'Jon Voight', u'Paul Sorvino']","[34740691, 61548886, 18355287]"
Raven,"Oct14,1997",N/A,N/A,N/A,,[],[]
Switchback,"Oct31,1997",38000000,2704568,N/A,,"[u'Danny Glover', u'Dennis Quaid', u'Jared Leto']","[40078002, 33387931, 20533376]"
Starship Troopers,"Nov7,1997",100000000,22058773,Paul Verhoeven,55421790,"[u'Denise Richards', u'Jake Busey', u'Dina Meyer']","[31090033, 43459758, 44564217]"
Mortal Kombat: Annihilation,"Nov21,1997",30000000,16771694,N/A,,"[u'James Remar', u'Ray Park', u'Robin Shou']","[37484186, 138825958, 29067053]"
Alien: Resurrection,"Nov26,1997",60000000,16474092,Jean-Pierre Jeunet,15249803,"[u'Sigourney Weaver', u'Winona Ryder', u'Dan Hedaya']","[53554609, 31315356, 30453445]"
Tomorrow Never Dies,"Dec19,1997",110000000,25143007,Roger Spottiswoode,33495049,"[u'Pierce Brosnan', u'Jonathan Pryce', u'Michelle Yeoh']","[40512590, 53043851, 41490756]"
The Postman,"Dec25,1997",80000000,5260324,Kevin Costner,84158247,"[u'Kevin Costner', u'Larenz Tate', u'Will Patton']","[41351752, 27620102, 25799070]"
Firestorm,"Jan9,1998",19000000,3849308,N/A,,"[u'Suzy Amis', u'Scott Glenn', u'Howie Long']","[99846460, 32814375, 31502829]"
Hard Rain,"Jan16,1998",70000000,7076110,N/A,,"[u'Christian Slater', u'Morgan Freeman', u'Minnie Driver']","[22122208, 58006108, 30201518]"
Desperate Measures,"Jan30,1998",N/A,5833412,Barbet Schroeder,16983617,"[u'Michael Keaton', u'Andy Garcia', u'Marcia Gay Harden']","[55820608, 27147810, 20125091]"
Deep Rising,"Jan30,1998",45000000,4737793,Stephen Sommers,99746843,"[u'Treat Williams', u'Wes Studi', u""Kevin J. O'Connor""]","[26692340, 112715585, 37543715]"
Killing Time,"Jan30,1998",N/A,12154,N/A,,[],[]
The Replacement Killers,"Feb6,1998",30000000,8046553,Antoine Fuqua,28050107,"[u'Mira Sorvino', u'Michael Rooker', u'Jurgen Prochnow']","[9140419, 23938231, 38673377]"
Men with Guns,"Mar6,1998",N/A,80427,John Sayles,8084500,"[u'Paul Sorvino', u'Donal Logue', u'John Sayles']","[18355287, 35069577, 5823975]"
Mr. Nice Guy,"Mar20,1998",6000000,5250704,Sammo Hung Kam-Bo,12716953,"[u'Jackie Chan', u'Richard Norton', u'Miki Lee']","[54013489, 12716953, 12716953]"
3 Ninjas: High Noon at Mega Mountain,"Apr10,1998",N/A,150127,N/A,,"[u'Jim Varney', u'Loni Anderson', u'Hulk Hogan']","[50540269, 14932024, 26395860]"
The Big Hit,"Apr24,1998",13000000,10809424,N/A,,"[u'Mark Wahlberg', u'Lou Diamond Phillips', u'Christina Applegate']","[57069149, 21772518, 27192474]"
In God's Hands,"Apr24,1998",N/A,555342,N/A,,[],[]
Black Dog,"May1,1998",N/A,4809375,N/A,,"[u'Patrick Swayze', u'Gabriel Casseus', u'Meat Loaf']","[22314406, 25349428, 20073435]"
Godzilla,"May19,1998",125000000,44047541,Roland Emmerich,138914578,"[u'Matthew Broderick', u'Jean Reno', u'Maria Pitillo']","[39085146, 39600136, 44048193]"
The X Files: Fight the Future,"Jun19,1998",66000000,30138758,Rob Bowman,54154017,"[u'Gillian Anderson', u'Lucas Black', u'Tom Braidwood']","[13854584, 37454304, 83898313]"
Ambushed,"Jun20,1998",N/A,N/A,N/A,,"[u'Courtney B. Vance', u'Robert Patrick', u'Bill Nunn']","[31811374, 43368858, 54162688]"
Lethal Weapon 4,"Jul10,1998",140000000,34048124,Richard Donner,74991928,"[u'Mel Gibson', u'Danny Glover', u'Joe Pesci']","[59464495, 40078002, 54915947]"
The Negotiator,"Jul29,1998",50000000,10218831,F. Gary Gray,52865082,"[u'Samuel L. Jackson', u'Kevin Spacey', u'David Morse']","[54796003, 42707404, 31600495]"
The Avengers,"Aug14,1998",60000000,10305957,N/A,,"[u'Ralph Fiennes', u'Uma Thurman', u'Sean Connery']","[59387921, 25579800, 36301299]"
Blade,"Aug21,1998",45000000,17073856,Stephen Norrington,68303540,"[u'Wesley Snipes', u'Stephen Dorff', u'Kris Kristofferson']","[31170325, 16000601, 23679204]"
Knock Off,"Sep4,1998",35000000,5516231,N/A,,"[u'Jean-Claude Van Damme', u'Rob Schneider', u'Lela Rochon']","[21365856, 66235389, 31965178]"
Rush Hour,"Sep18,1998",35000000,33001803,Brett Ratner,85688542,"[u'Jackie Chan', u'Chris Tucker', u'Tom Wilkinson']","[54013489, 72941433, 30700791]"
Ronin,"Sep25,1998",55000000,12697641,John Frankenheimer,12770018,"[u'Robert De Niro', u'Jean Reno', u'Natascha McElhone']","[37643562, 39600136, 23143765]"
Soldier,"Oct23,1998",75000000,6447237,Paul Anderson,41072494,"[u'Kurt Russell', u'Jason Scott Lee', u'Jason Isaacs']","[43797553, 31767109, 71537061]"
The Siege,"Nov6,1998",70000000,13931285,Edward Zwick,51174123,"[u'Denzel Washington', u'Annette Bening', u'Bruce Willis']","[47090683, 27163397, 50258978]"
Enemy of the State,"Nov20,1998",85000000,20038573,Tony Scott,56893484,"[u'Will Smith', u'Gene Hackman', u'Jon Voight']","[127172954, 37020054, 61548886]"
Virus,"Jan15,1999",75000000,6013640,N/A,,"[u'Jamie Lee Curtis', u'William Baldwin', u'Donald Sutherland']","[32138987, 23664393, 27437259]"
Payback,"Feb5,1999",50000000,21221526,N/A,,"[u'Mel Gibson', u'Maria Bello', u'Jean Carol']","[59464495, 27011991, 81526121]"
Unconditional Love,"Feb12,1999",N/A,73000,Steven Rush,115202,[],[]
The Corruptor,"Mar12,1999",10000000,5765300,James Foley,10548379,"[u'Chow Yun-Fat', u'Mark Wahlberg', u'Ric Young']","[55091163, 57069149, 64571773]"
Wing Commander,"Mar12,1999",30000000,5114365,N/A,,"[u'Freddie Prinze, Jr.', u'Matthew Lillard', u'Saffron Burrows']","[28816979, 27676974, 16810908]"
The Mod Squad,"Mar26,1999",N/A,6064716,N/A,,"[u'Claire Danes', u'Omar Epps', u'Giovanni Ribisi']","[23108086, 21931364, 50001122]"
The Matrix,"Mar31,1999",65000000,27788331,Andy Wachowski,113027381,"[u'Keanu Reeves', u'Laurence Fishburne', u'Carrie Anne Moss']","[47324027, 39808006, 53932915]"
Twin Dragons,"Apr9,1999",N/A,2829990,N/A,,[],[]
Hak hap,"May14,1999",N/A,4449692,N/A,,[],[]
Deep Blue Sea,"Jul28,1999",60000000,19107643,Renny Harlin,33769537,"[u'Saffron Burrows', u'Thomas Jane', u'LL Cool J']","[16810908, 17446906, 28222444]"
Universal Soldier II: The Return,"Aug20,1999",40000000,4605167,N/A,,"[u'Jean-Claude Van Damme', u'Bill Goldberg', u'Michael Jai White']","[21365856, 33648351, 110726978]"
The 13th Warrior,"Aug27,1999",125000000,10267756,John McTiernan,50553667,"[u'Asbjorn ""Bear"" Riis', u'Antonio Banderas', u'Diane Venora']","[32698899, 49913828, 17748355]"
Baadshah,"Aug27,1999",N/A,263084,N/A,,[],[]
Chill Factor,"Sep1,1999",34000000,5810531,N/A,,"[u""Kevin J. O'Connor"", u'Cuba Gooding, Jr.', u'Skeet Ulrich']","[37543715, 48145770, 37471409]"
Blue Streak,"Sep17,1999",36000000,19208806,Les Mayfield,36148217,"[u'Martin Lawrence', u'Luke Wilson', u'Peter Greene']","[53277530, 34194919, 60714885]"
Double Jeopardy,"Sep24,1999",40000000,23162542,Bruce Beresford,16296746,"[u'Tommy Lee Jones', u'Ashley Judd', u'Annabeth Gish']","[54134992, 30238163, 15154009]"
Three Kings,"Oct1,1999",48000000,15847636,David O. Russell,38200553,"[u'George Clooney', u'Mark Wahlberg', u'Ice Cube']","[58364775, 57069149, 33632767]"
The Omega Code,"Oct15,1999",7200000,2354362,N/A,,[],[]
The World is Not Enough,"Nov19,1999",135000000,35519007,Michael Apted,31063765,"[u'Pierce Brosnan', u'Sophie Marceau', u'Denise Richards']","[40512590, 20087848, 31090033]"
End of Days,"Nov24,1999",100000000,20523595,Peter Hyams,22976469,"[u'Arnold Schwarzenegger', u'Gabriel Byrne', u'Robin Tunney']","[64253621, 14415284, 15859897]"
Supernova,"Jan14,2000",60000000,6731940,Walter Hill,24601290,"[u'James Spader', u'Angela Bassett', u'Robert Forster']","[21952977, 29574001, 17975963]"
The Boondock Saints,"Jan21,2000",7000000,19930,N/A,,"[u'Willem Dafoe', u'Sean Patrick Flanery', u'Norman Reedus']","[46330065, 9933175, 19192237]"
Reindeer Games,"Feb25,2000",36000000,8128356,John Frankenheimer,12770018,"[u'Ben Affleck', u'Gary Sinise', u'Charlize Theron']","[47147871, 55091131, 28391679]"
Romeo Must Die,"Mar22,2000",25000000,18014503,Andrzej Bartkowiak,50313614,"[u'Jet Li', u'Fran\xe7oise Yip', u'Tong Lung']","[41023160, 26653844, 56452820]"
U-571,"Apr21,2000",62000000,19553310,Jonathan Mostow,108825503,"[u'Terrence ""T.C."" Carson', u'Matthew McConaughey', u'Bill Paxton']","[61991347, 41774510, 52566524]"
Gladiator,"May5,2000",103000000,34819017,Ridley Scott,55438725,"[u'Russell Crowe', u'Joaquin Phoenix', u'Connie Nielsen']","[37513668, 44356452, 30331199]"
Battlefield Earth: A Saga of the Year 3000,"May12,2000",80000000,11548898,N/A,,"[u'John Travolta', u'Barry Pepper', u'Forest Whitaker']","[59086253, 61278833, 27223174]"
Mission: Impossible 2,"May24,2000",120000000,57845297,John Woo,59407571,"[u'Tom Cruise', u'Dougray Scott', u'Thandie Newton']","[97643800, 49411767, 48686782]"
Gone in 60 Seconds,"Jun9,2000",103300000,25336048,Dominic Sena,46021711,"[u'Nicolas Cage', u'Angelina Jolie', u'Giovanni Ribisi']","[43698332, 54325095, 50001122]"
Shaft,"Jun16,2000",53012938,21714757,John Singleton,46704516,"[u'Samuel L. Jackson', u'Vanessa Williams', u'Jeffrey Wright']","[54796003, 27651617, 35725594]"
X-Men,"Jul14,2000",75000000,54471475,Bryan Singer,114608655,"[u'Patrick Stewart', u'Hugh Jackman', u'Ian McKellen']","[56356199, 96095343, 68850095]"
Godzilla 2000,"Aug18,2000",1000000,4407720,Takao Okawara,2509347,"[u'Takehiro Murata', u'Naomi Nishida', u'Mayu Suzuki']","[10037390, 10037390, 10037390]"
Highlander: Endgame,"Sep1,2000",15000000,6223330,N/A,,"[u'Adrian Paul', u'Christopher Lambert', u'Bruce Payne']","[3495772, 9841397, 11313677]"
The Way of the Gun,"Sep8,2000",9000000,2150979,N/A,,"[u'James Caan', u'Benicio Del Toro', u'Taye Diggs']","[32774808, 20516204, 30077399]"
Bait,"Sep15,2000",35000000,5485591,Antoine Fuqua,28050107,"[u'Jamie Foxx', u'David Morse', u'Robert Pastorelli']","[48780465, 31600495, 61089449]"
Taxi 2,"Oct6,2000",N/A,35909,Gerard Krawczyk,364922,"[u'Samy Naceri', u'Frederic Diefenthal', u'Marion Cotillard']","[243281, 243281, 41749674]"
El Circulo Vicioso,"Oct13,2000",N/A,9368,N/A,,[],[]
The Legend of Drunken Master,"Oct20,2000",2000000,3845278,N/A,,"[u'Jackie Chan', u'Chi-Kwong Cheung', u'Wing-Fong Ho']","[54013489, 11546543, 11546543]"
Red Planet,"Nov10,2000",80000000,8721296,N/A,,"[u'Val Kilmer', u'Tom Sizemore', u'Carrie Anne Moss']","[28199532, 35460326, 53932915]"
The 6th Day,"Nov17,2000",82000000,13020883,Roger Spottiswoode,33495049,"[u'Arnold Schwarzenegger', u'Don S. Davis', u'Terry Crews']","[64253621, 37210254, 44296623]"
Vertical Limit,"Dec8,2000",75000000,15507845,Martin Campbell,50961319,"[u""Chris O'Donnell"", u'Bill Paxton', u'Robin Tunney']","[39855743, 52566524, 15859897]"
Proof of Life,"Dec8,2000",65000000,10207869,Taylor Hackford,34237395,"[u'Meg Ryan', u'Russell Crowe', u'David Morse']","[37053552, 37513668, 31600495]"
Double Take,"Jan12,2001",24000000,11736236,George Gallo,47404149,"[u'Orlando Jones', u'Eddie Griffin', u'Edward Herrmann']","[21271820, 33515329, 19768939]"
The Mexican,"Mar2,2001",40000000,20108829,Gore Verbinski,186918209,"[u'Brad Pitt', u'Julia Roberts', u'James Gandolfini']","[62011633, 68203238, 23841005]"
Exit Wounds,"Mar16,2001",33000000,18485586,Andrzej Bartkowiak,50313614,"[u'Steven Seagal', u'DMX', u'Tom Arnold']","[24587180, 22708788, 17694971]"
Driven,"Apr27,2001",72000000,12174504,Renny Harlin,33769537,"[u'Sylvester Stallone', u'Kip Pardue', u'Til Schweiger']","[43488720, 13074337, 41483847]"
Akira,"Apr27,2001",8000000,19585,N/A,,[],[]
Pearl Harbor,"May25,2001",151500000,59078912,Michael Bay,173420686,"[u'Ben Affleck', u'Josh Hartnett', u'Kate Beckinsale']","[47147871, 34221342, 38924095]"
Le pacte des loups,"Jun1,2001",N/A,100839,Christophe Gans,28955747,"[u'Samuel Le Bihan', u'Vincent Cassel', u'Emilie Dequenne']","[5969345, 49026888, 5691944]"
Swordfish,"Jun8,2001",80000000,18145632,Dominic Sena,46021711,"[u'John Travolta', u'Hugh Jackman', u'Halle Berry']","[59086253, 96095343, 56908615]"
The Fast and the Furious,"Jun22,2001",38000000,40089015,Rob Cohen,61278396,"[u'Paul Walker', u'Vin Diesel', u'Michelle Rodriguez']","[48509445, 72269205, 107570536]"
Kiss of the Dragon,"Jul6,2001",25000000,13304027,Chris Nahon,18545077,"[u'Jet Li', u'Bridget Fonda', u'Tcheky Karyo']","[41023160, 16462804, 27569350]"
Jurassic Park III,"Jul18,2001",93000000,50771645,Joe Johnston,91422746,"[u'Sam Neill', u'William H. Macy', u'Tea Leoni']","[40250409, 26893197, 53310087]"
Rush Hour 2,"Aug3,2001",90000000,67408222,Brett Ratner,85688542,"[u'Jackie Chan', u'Chris Tucker', u'John Lone']","[54013489, 72941433, 50991629]"
John Carpenter's Ghosts of Mars,"Aug24,2001",28000000,3804452,John Carpenter,18782045,"[u'Natasha Henstridge', u'Ice Cube', u'Pam Grier']","[21707942, 33632767, 14362424]"
Megiddo: Omega Code 2,"Sep21,2001",22000000,1573454,N/A,,"[u'Michael York', u'Michael Biehn', u'Diane Venora']","[42841470, 36034667, 17748355]"
Extreme Days,"Sep28,2001",N/A,522813,N/A,,"[u'Dante Basco', u'Ryan Browning', u'A.J. Buckley']","[11477793, 1047553, 2696889]"
Iron Monkey,"Oct12,2001",N/A,6014653,N/A,,"[u'Donnie Yen', u'Rongguang Yu', u'Jean Wang']","[24809485, 14681661, 14681661]"
Bangkok Dangerous,"Oct19,2001",N/A,3026,Oxide Pang Chun,20528740,[],[]
The One,"Nov2,2001",49000000,19112404,James Wong,40167224,"[u'Jet Li', u'Carla Gugino', u'Jason Statham']","[41023160, 44263942, 32462147]"
Heist,"Nov9,2001",35000000,7823521,David Mamet,22390553,"[u'Gene Hackman', u'Danny De Vito', u'Delroy Lindo']","[37020054, 39154098, 42248026]"
Spy Game,"Nov21,2001",90000000,21689125,Tony Scott,56893484,"[u'Robert Redford', u'Brad Pitt', u'Catherine McCormack']","[46774089, 62011633, 15192718]"
Behind Enemy Lines,"Nov30,2001",40000000,18736133,N/A,,"[u'Gene Hackman', u'Owen Wilson', u'Joaquim de Almeida']","[37020054, 79759246, 19411700]"
Black Hawk Down,"Dec28,2001",95000000,179823,Ridley Scott,55438725,"[u'Josh Hartnett', u'Ewan McGregor', u'Tom Sizemore']","[34221342, 52066221, 35460326]"
State Property,"Jan18,2002",N/A,452028,N/A,,"[u'Omillio Sparks', u'Beanie Sigel', u'Memphis Bleek']","[1895712, 1895712, 2099719]"
Collateral Damage,"Feb8,2002",85000000,15058432,Andrew Davis,51963859,"[u'Harry J. Lennix', u'Elias Koteas', u'Francesca Neri']","[36031737, 22064802, 102570299]"
Rollerball,"Feb8,2002",70000000,9013548,John McTiernan,50553667,"[u'Chris Klein', u'Jean Reno', u'LL Cool J']","[26523167, 39600136, 28222444]"
Blade 2,"Mar22,2002",54000000,32528016,Guillermo Del Toro,40255516,"[u'Wesley Snipes', u'Milos Kulhavy', u'Kris Kristofferson']","[31170325, 81676888, 23679204]"
The Scorpion King,"Apr19,2002",60000000,36075875,Chuck Russell,65071020,"[u'Dwayne Johnson', u'Steven Brand', u'Kelly Hu']","[74514435, 90580000, 37233266]"
The Sum of All Fears,"May31,2002",68000000,31178526,Phil Alden Robinson,58833736,"[u'Ben Affleck', u'Morgan Freeman', u'James Cromwell']","[47147871, 58006108, 56159889]"
Bad Company,"Jun7,2002",70000000,11007367,Joel Schumacher,41791552,"[u'Anthony Hopkins', u'Chris Rock', u'Gabriel Macht']","[33322290, 61350736, 24696908]"
Windtalkers,"Jun14,2002",115000000,14520412,John Woo,59407571,"[u'Nicolas Cage', u'Adam Beach', u'Peter Stormare']","[43698332, 15067425, 40537548]"
Minority Report,"Jun21,2002",102000000,35677125,Steven Spielberg,114103745,"[u'Tom Cruise', u'Colin Farrell', u'Samantha Morton']","[97643800, 28049825, 9521206]"
Men in Black 2,"Jul3,2002",140000000,52148751,Barry Sonnenfeld,87665721,"[u'Tommy Lee Jones', u'Will Smith', u'Lara Flynn Boyle']","[54134992, 127172954, 24624613]"
Reign of Fire,"Jul12,2002",60000000,15632281,N/A,,"[u'Matthew McConaughey', u'Christian Bale', u'Izabella Scorupco']","[41774510, 51780648, 64945036]"
K-19: The Widowmaker,"Jul19,2002",90000000,12778459,Kathryn Bigelow,16356766,"[u'Harrison Ford', u'Liam Neeson', u'Peter Sarsgaard']","[94283840, 49267642, 22149060]"
xXx,"Aug9,2002",70000000,44506103,Rob Cohen,61278396,"[u'Vin Diesel', u'Asia Argento', u'Marton Csokas']","[72269205, 16439824, 104792593]"
Ballistic: Ecks vs. Sever,"Sep20,2002",70000000,7010474,N/A,,"[u'Talisa Soto', u'Miguel Sandoval', u'Gregg Henry']","[28111051, 59412412, 43452767]"
The Tuxedo,"Sep27,2002",60000000,15051028,N/A,,"[u'Jackie Chan', u'Jennifer Love Hewitt', u'Jason Isaacs']","[54013489, 36282382, 71537061]"
The Transporter,"Oct11,2002",21000000,9107816,Louis Leterrier,78190345,"[u'Jason Statham', u'Qi Shu', u'Matt Schulze']","[32462147, 12686076, 46413640]"
Formula 51,"Oct18,2002",27000000,2817719,N/A,,"[u'Samuel L. Jackson', u'Robert Carlyle', u'Emily Mortimer']","[54796003, 21162847, 27528950]"
I Spy,"Nov1,2002",70000000,12752803,Betty Thomas,76351241,"[u'Eddie Murphy', u'Owen Wilson', u'Famke Janssen']","[100284855, 79759246, 45746164]"
Half Past Dead,"Nov15,2002",25000000,7820536,N/A,,"[u'Steven Seagal', u'Morris Chestnut', u'Matt Battaglia']","[24587180, 34783830, 15567860]"
Die Another Day,"Nov22,2002",142000000,47072040,Lee Tamahori,45941479,"[u'Pierce Brosnan', u'Halle Berry', u'Toby Stephens']","[40512590, 56908615, 43734915]"
Extreme Ops,"Nov27,2002",40000000,2233525,Christian Duguay,10334318,"[u'Devon Sawa', u'Rufus Sewell', u'Bridgette Wilson']","[24593631, 20028822, 21859134]"
Equilibrium,"Dec6,2002",20000000,541512,N/A,,"[u'Christian Bale', u'Emily Watson', u'Taye Diggs']","[51780648, 14473111, 30077399]"
National Security,"Jan17,2003",N/A,14369694,Dennis Dugan,71355402,"[u'Martin Lawrence', u'Steve Zahn', u'Colm Feore']","[53277530, 36969192, 46726433]"
Biker Boyz,"Jan31,2003",N/A,10106992,N/A,,"[u'Laurence Fishburne', u'Derek Luke', u'Tyson Beckford']","[39808006, 28382029, 21490359]"
Daredevil,"Feb14,2003",80000000,40310418,Mark Steven Johnson,54722543,"[u'Ben Affleck', u'Jennifer Garner', u'Michael Clarke Duncan']","[47147871, 68839772, 64849839]"
Cradle 2 the Grave,"Feb28,2003",25000000,16521486,Andrzej Bartkowiak,50313614,"[u'Jet Li', u'DMX', u'Anthony Anderson']","[41023160, 22708788, 68960426]"
Tears of the Sun,"Mar7,2003",75000000,17057213,Antoine Fuqua,28050107,"[u'Bruce Willis', u'Monica Bellucci', u'Cole Hauser']","[50258978, 55158528, 33281535]"
The Hunted,"Mar14,2003",55000000,13482638,William Friedkin,31106019,"[u'Tommy Lee Jones', u'Benicio Del Toro', u'Connie Nielsen']","[54134992, 20516204, 30331199]"
The Core,"Mar28,2003",85000000,12053131,Jon Amiel,27225932,"[u'Hilary Swank', u'Aaron Eckhart', u'Bruce Greenwood']","[27000454, 44105927, 45420554]"
A Man Apart,"Apr4,2003",36000000,11019224,F. Gary Gray,52865082,"[u'Vin Diesel', u'Larenz Tate', u'Timothy Olyphant']","[72269205, 27620102, 33939580]"
Bulletproof Monk,"Apr16,2003",52000000,8653542,N/A,,"[u'Chow Yun-Fat', u'Seann William Scott', u'Jaime King']","[55091163, 66056303, 42895677]"
X2,"May2,2003",125000000,85558731,Bryan Singer,114608655,"[u'Patrick Stewart', u'Hugh Jackman', u'Ian McKellen']","[56356199, 96095343, 68850095]"
The Matrix Reloaded,"May15,2003",127000000,91774413,Andy Wachowski,113027381,"[u'Keanu Reeves', u'Laurence Fishburne', u'Carrie Anne Moss']","[47324027, 39808006, 53932915]"
2 Fast 2 Furious,"Jun6,2003",76000000,50472480,John Singleton,46704516,"[u'Paul Walker', u'Tyrese Gibson', u'Cole Hauser']","[48509445, 108767265, 33281535]"
Hollywood Homicide,"Jun13,2003",75000000,11112632,Ron Shelton,39516195,"[u'Harrison Ford', u'Bruce Greenwood', u'Josh Hartnett']","[94283840, 45420554, 34221342]"
Hulk,"Jun20,2003",137000000,62128420,Ang Lee,38308757,"[u'Eric Bana', u'Jennifer Connelly', u'Sam Elliott']","[92987657, 29137034, 40956169]"
Charlie's Angels: Full Throttle,"Jun27,2003",120000000,37634221,Joseph McGinty Nichol,98746926,"[u'Bob Stephenson', u'Sven-Ole Thorsen', u'Carrie Fisher']","[45018845, 53171747, 59909890]"
Terminator 3: Rise of the Machines,"Jul1,2003",170000000,44041440,Jonathan Mostow,108825503,"[u'Arnold Schwarzenegger', u'Nick Stahl', u'Kristanna Loken']","[64253621, 18556315, 52513124]"
Bad Boys II,"Jul18,2003",130000000,46522560,Michael Bay,173420686,"[u'Martin Lawrence', u'Will Smith', u'Jordi Molla']","[53277530, 127172954, 56848807]"
S.W.A.T.,"Aug8,2003",70000000,37062535,Clark Johnson,116877597,"[u'Samuel L. Jackson', u'Colin Farrell', u'Michelle Rodriguez']","[54796003, 28049825, 107570536]"
Once Upon a Time in Mexico,"Sep12,2003",29000000,23424118,Robert Rodriguez,44784344,"[u'Antonio Banderas', u'Salma Hayek', u'Johnny Depp']","[49913828, 33227285, 62941880]"
Underworld,"Sep19,2003",22000000,21753759,Len Wiseman,82939656,"[u'Kate Beckinsale', u'Scott Speedman', u'Michael Sheen']","[38924095, 16614701, 62899128]"
The Rundown,"Sep26,2003",85000000,18533765,Peter Berg,69642015,"[u'Dwayne Johnson', u'Seann William Scott', u'Rosario Dawson']","[74514435, 66056303, 28239035]"
Kill Bill: Volume 1,"Oct10,2003",55000000,22089322,Quentin Tarantino,49740470,"[u'Julie Dreyfus', u'Chiaki Kuriyama', u'Sonny Chiba']","[64355430, 68153029, 46274552]"
The Matrix Revolutions,"Nov5,2003",110000000,48475154,Andy Wachowski,113027381,"[u'Keanu Reeves', u'Laurence Fishburne', u'Carrie Anne Moss']","[47324027, 39808006, 53932915]"
The Last Samurai,"Dec5,2003",140000000,24271354,Edward Zwick,51174123,"[u'Tom Cruise', u'Timothy Spall', u'Ken Watanabe']","[97643800, 69940028, 86748034]"
Torque,"Jan16,2004",40000000,9970557,Joseph Kahn,21176322,"[u'Ice Cube', u'Martin Henderson', u'Jay Hernandez']","[33632767, 30848105, 33408261]"
Hellboy,"Apr2,2004",60000000,23172440,Guillermo Del Toro,40255516,"[u'Ron Perlman', u'John Hurt', u'Selma Blair']","[15987081, 31613085, 22393701]"
Walking Tall,"Apr2,2004",56000000,15501114,Kevin Bray,35848377,"[u'Dwayne Johnson', u'Johnny Knoxville', u'Neal McDonough']","[74514435, 49524361, 30773823]"
Kill Bill: Volume 2,"Apr16,2004",55000000,25104949,Quentin Tarantino,49740470,"[u'Uma Thurman', u'David Carradine', u'Lucy Alexis Liu']","[25579800, 14359587, 43402157]"
The Punisher,"Apr16,2004",33000000,13834527,Jonathan Hensleigh,93052099,"[u'Thomas Jane', u'John Travolta', u'Will Patton']","[17446906, 59086253, 25799070]"
Silmido,"Apr23,2004",8500000,73276,N/A,,[],[]
Van Helsing,"May7,2004",170000000,51748040,Stephen Sommers,99746843,"[u'Hugh Jackman', u'Kate Beckinsale', u'Richard Roxburgh']","[96095343, 38924095, 54939675]"
Troy,"May14,2004",150000000,46865412,Wolfgang Petersen,77621780,"[u'Brad Pitt', u'Eric Bana', u'Orlando Bloom']","[62011633, 92987657, 162769366]"
Once Upon a Time in the Hood,"Jun18,2004",N/A,N/A,N/A,,[],[]
"I, Robot","Jul16,2004",105000000,52179887,Alex Proyas,57970481,"[u'Will Smith', u'Bridget Moynahan', u'Bruce Greenwood']","[127172954, 43411793, 45420554]"
Catwoman,"Jul23,2004",100000000,16728411,Pitof,40202379,"[u'Halle Berry', u'Benjamin Bratt', u'Sharon Stone']","[56908615, 31980600, 24884089]"
Zatoichi,"Jul23,2004",N/A,61104,Takeshi Kitano,853718,[],[]
Collateral,"Aug6,2004",60000000,24701458,Michael Mann,63246570,"[u'Tom Cruise', u'Jamie Foxx', u'Jada Pinkett Smith']","[97643800, 48780465, 64435503]"
Jet Li's Hero,"Aug27,2004",17000000,18004319,Yimou Zhang,9767467,"[u'Jet Li', u'Tony Leung Chiu Wai', u'Maggie Cheung']","[41023160, 7035963, 5050931]"
Dhoom,"Aug27,2004",N/A,31193,N/A,,[],[]
Warriors of Heaven and Earth,"Sep3,2004",N/A,13721,N/A,,[],[]
Ghost in the Shell 2: Innocence,"Sep17,2004",N/A,317722,Mamoru Oshii,743737,[],[]
Ladder 49,"Oct1,2004",60000000,22088204,Jay Russell,42054040,"[u'Joaquin Phoenix', u'John Travolta', u'Robert Patrick']","[44356452, 59086253, 43368858]"
Taxi,"Oct6,2004",N/A,12029832,Tim Story,79801885,"[u'Jimmy Fallon', u'Queen Latifah', u'Jennifer Esposito']","[18977870, 56775746, 22523974]"
After the Sunset,"Nov12,2004",57000000,11100392,Brett Ratner,85688542,"[u'Pierce Brosnan', u'Salma Hayek', u'Woody Harrelson']","[40512590, 33227285, 27109336]"
House of Flying Daggers,"Dec3,2004",12000000,397472,Yimou Zhang,9767467,"[u'Zhang Ziyi', u'Andy Lau', u'Takeshi Kaneshiro']","[48439341, 2535972, 1979350]"
Blade: Trinity,"Dec8,2004",65000000,16061271,David Goyer,129796625,"[u'Wesley Snipes', u'Kris Kristofferson', u'Jessica Biel']","[31170325, 23679204, 34092425]"
Sky Blue,"Dec31,2004",N/A,3022,N/A,,[],[]
Elektra,"Jan14,2005",65000000,12804793,Rob Bowman,54154017,"[u'Jennifer Garner', u'Bob Sapp', u'Terence Stamp']","[68839772, 91264591, 55766992]"
Appurushdo,"Jan14,2005",N/A,66869,N/A,,[],[]
Assault On Precinct 13,"Jan19,2005",30000000,6502724,N/A,,"[u'Matt Craven', u'Ja Rule', u'Drea de Matteo']","[33028931, 45247318, 12975736]"
Ong-Bak,"Feb11,2005",N/A,1334869,N/A,,"[u'Tony Jaa', u'Petchtai Wongkamlao', u'Pumwaree Yodkamol']","[5569904, 5569904, 4563167]"
Constantine,"Feb18,2005",75000000,29769098,Francis Lawrence,110789729,"[u'Keanu Reeves', u'Rachel Weisz', u'Tilda Swinton']","[47324027, 33537381, 34965423]"
Hostage,"Mar11,2005",75000000,10214734,N/A,,"[u'Bruce Willis', u'Jonathan Tucker', u'Ben Foster']","[50258978, 18327982, 31899563]"
Steamboy,"Mar18,2005",20000000,136148,N/A,,"[u'Alfred Molina', u'Anna Paquin', u'Patrick Stewart']","[34231381, 45954679, 56356199]"
D.E.B.S.,"Mar25,2005",3500000,56448,Angela Robinson,33053737,"[u'Michael Clarke Duncan', u'Jordana Brewster', u'Sara Foster']","[64849839, 49585002, 2227897]"
Sin City,"Apr1,2005",40000000,29120273,Frank Miller,101508315,"[u'Jessica Alba', u'Devon Aoki', u'Alexis Bledel']","[51710231, 25827534, 22955490]"
Kung Fu Hustle,"Apr8,2005",20000000,269225,Stephen Chow,5933406,"[u'Stephen Chow', u'Xiaogang Feng', u'Wah Yuen']","[5933406, 17104669, 17104669]"
State Property 2,"Apr13,2005",N/A,756905,N/A,,"[u'Hanif ""Neef"" Muhammed', u'Beanie Sigel', u'Noreaga']","[1691706, 1895712, 1691706]"
XXX: State of the Union,"Apr29,2005",60000000,12712272,Lee Tamahori,45941479,"[u'Ice Cube', u'Willem Dafoe', u'Scott Speedman']","[33632767, 46330065, 16614701]"
Danny the Dog,"May13,2005",43000000,10900901,Louis Leterrier,78190345,"[u'Jet Li', u'Bob Hoskins', u'Morgan Freeman']","[41023160, 23725866, 58006108]"
The Lords of Dogtown,"Jun3,2005",25000000,5623373,Catherine Hardwicke,67923523,"[u'Emile Hirsch', u'Heath Ledger', u'Johnny Knoxville']","[12332515, 63569205, 49524361]"
Mr. And Mrs. Smith,"Jun10,2005",110000000,50342878,Doug Liman,92480922,"[u'Brad Pitt', u'Angelina Jolie', u'Vince Vaughn']","[62011633, 54325095, 58171247]"
Batman Begins,"Jun15,2005",150000000,48745440,Christopher Nolan,168173107,"[u'Christian Bale', u'Michael Caine', u'Liam Neeson']","[51780648, 42745134, 49267642]"
Batman Begins (IMAX),"Jun15,2005",N/A,N/A,N/A,,[],[]
War of the Worlds,"Jun29,2005",132000000,64878725,Steven Spielberg,114103745,"[u'Tom Cruise', u'Dakota Fanning', u'Miranda Otto']","[97643800, 67482268, 116845323]"
Fantastic Four,"Jul8,2005",87500000,56061504,Tim Story,79801885,"[u'Ioan Gruffudd', u'Jessica Alba', u'Chris Evans']","[46965496, 51710231, 35332810]"
The Island,"Jul22,2005",120000000,12409070,Michael Bay,173420686,"[u'Ewan McGregor', u'Scarlett Johansson', u'Djimon Hounsou']","[52066221, 38021727, 48866069]"
Stealth,"Jul29,2005",138000000,13251545,Rob Cohen,61278396,"[u'Josh Lucas', u'Jessica Biel', u'Jamie Foxx']","[27226561, 34092425, 48780465]"
Secuestro Express,"Aug5,2005",N/A,43281,N/A,,[],[]
The Great Raid,"Aug12,2005",60000000,3376009,John Dahl,9429605,"[u'Benjamin Bratt', u'Joseph Fiennes', u'James Franco']","[31980600, 14973477, 65200251]"
Supercross,"Aug17,2005",30000000,1330520,Steve Boyum,31800495,"[u'Steve Howey', u'Mike Vogel', u'Robert Patrick']","[3102550, 29442253, 43368858]"
De Zaak Alzheimer,"Aug26,2005",N/A,41254,N/A,,[],[]
Matando Cabos,"Aug26,2005",N/A,75719,N/A,,[],[]
The Transporter 2,"Sep2,2005",32000000,16540720,Louis Leterrier,78190345,"[u'Jason Statham', u'Amber Valletta', u'Hunter Clary']","[32462147, 41909378, 43095856]"
A Sound of Thunder,"Sep2,2005",80000000,917398,Peter Hyams,22976469,"[u'Edward Burns', u'Ben Kingsley', u'Catherine McCormack']","[27037541, 22360597, 15192718]"
Kamikaze Girls,"Sep9,2005",N/A,2795,N/A,,[],[]
Lord of War,"Sep16,2005",42000000,9390144,Andrew Niccol,49811096,"[u'Nicolas Cage', u'Jared Leto', u'Bridget Moynahan']","[43698332, 20533376, 43411793]"
Serenity,"Sep30,2005",39000000,10086680,Joss Whedon,108647691,"[u'Nathan Fillion', u'Gina Torres', u'Adam Baldwin']","[35392965, 79693827, 43437156]"
Domino,"Oct14,2005",50000000,4670120,Tony Scott,56893484,"[u'Keira Knightley', u'Mickey Rourke', u'Edgar Ramirez']","[111245713, 27046172, 62357127]"
Derailed,"Nov11,2005",22000000,12211986,N/A,,"[u'Clive Owen', u'Jennifer Aniston', u'Vincent Cassel']","[29613085, 47490350, 49026888]"
Streets of Legend,"Nov23,2005",N/A,3769,N/A,,[],[]
Aeon Flux,"Dec2,2005",55000000,12661112,N/A,,"[u'Charlize Theron', u'Marton Csokas', u'Jonny Lee Miller']","[28391679, 104792593, 7625424]"
Ek Ajnabee,"Dec9,2005",N/A,121406,N/A,,[],[]
BloodRayne,"Jan6,2006",25000000,1550000,Uwe Boll,3222928,"[u'Kristanna Loken', u'Michael Madsen', u'Ben Kingsley']","[52513124, 32096349, 22360597]"
Underworld: Evolution,"Jan20,2006",45000000,26857181,Len Wiseman,82939656,"[u'Kate Beckinsale', u'Scott Speedman', u'Bill Nighy']","[38924095, 16614701, 53992159]"
Nochnoy dozor,"Feb17,2006",4200000,86985,Timur Bekmambetov,45489944,[],[]
Running Scared,"Feb24,2006",17000000,3381974,N/A,,"[u'Paul Walker', u'Vera Farmiga', u'Chazz Palminteri']","[48509445, 21745424, 23899411]"
16 Blocks,"Mar3,2006",45000000,11855260,Richard Donner,74991928,"[u'Bruce Willis', u'Mos Def', u'David Morse']","[50258978, 28246418, 31600495]"
Ultraviolet,"Mar3,2006",30000000,9064880,N/A,,"[u'Milla Jovovich', u'Cameron Bright', u'William Fichtner']","[21401747, 87187308, 73611866]"
V for Vendetta,"Mar17,2006",50000000,25642640,James McTeigue,150792828,"[u'Natalie Portman', u'Hugo Weaving', u'Stephen Rea']","[68809742, 134753714, 13317293]"
In Her Line of Fire,"Apr21,2006",1000000,232,N/A,,[],[]
Grip: A Criminal's Story,"Apr28,2006",12000,838,N/A,,"[u'Gorio', u'King Jeff', u'El Timo']","[931, 1336, 931]"
Mission: Impossible III,"May5,2006",150000000,47743273,J.J. Abrams,140773942,"[u'Tom Cruise', u'Philip Seymour Hoffman', u'Ving Rhames']","[97643800, 36506979, 41068282]"
Wu ji,"May5,2006",30000000,272838,N/A,,"[u'Dong-Kun Jang', u'Hiroyuki Sanada', u'Cecilia Cheung']","[345816, 43100537, 669625]"
X-Men: The Last Stand,"May26,2006",210000000,102750665,Brett Ratner,85688542,"[u'Hugh Jackman', u'Halle Berry', u'Ian McKellen']","[96095343, 56908615, 68850095]"
Banlieue 13,"Jun2,2006",15000000,411544,Pierre Morel,43460532,[],[]
Taepung,"Jun2,2006",N/A,59409,N/A,,[],[]
The Fast and the Furious: Tokyo Drift,"Jun16,2006",85000000,23973840,Justin Lin,39777533,"[u'Lucas Black', u'Bow Wow', u'Zachery Ty Bryan']","[37454304, 26604446, 26917076]"
Krrish,"Jun23,2006",10000000,643000,N/A,,[],[]
Azumi,"Jul21,2006",N/A,2848,N/A,,[],[]
Miami Vice,"Jul28,2006",135000000,25723815,Michael Mann,63246570,"[u'Colin Farrell', u'Jamie Foxx', u'Gong Li']","[28049825, 48780465, 12262700]"
Crank,"Sep1,2006",12000000,10457367,N/A,,"[u'Jason Statham', u'Amy Smart', u'Jose Pablo Cantillo']","[32462147, 24768437, 32043988]"
Tom yum goong,"Sep8,2006",5700000,5034180,N/A,,"[u'Tony Jaa', u'Petchtai Wongkamlao', u'Bongkoj Khongmalai']","[5569904, 5569904, 12044087]"
Jimmy and Judy,"Sep15,2006",1000000,N/A,N/A,,"[u'Edward Furlong', u'Rachael Bella', u'William Sadler']","[16744451, 64547012, 26743114]"
Renaissance,"Sep22,2006",N/A,10800,N/A,,"[u'Daniel Craig', u'Catherine McCormack', u'Romola Garai']","[38037207, 15192718, 10542353]"
The Guardian,"Sep29,2006",N/A,18006064,Andrew Davis,51963859,"[u'Kevin Costner', u'Ashton Kutcher', u'Sela Ward']","[41351752, 49361780, 56059085]"
The Marine,"Oct13,2006",15000000,7138774,N/A,,"[u'John Cena', u'Robert Patrick', u'Kelly Carlson']","[10426623, 43368858, 32428759]"
Alex Rider: Operation Stormbreaker,"Oct13,2006",40000000,215177,N/A,,"[u'Alex Pettyfer', u'Ewan McGregor', u'Mickey Rourke']","[659210, 52066221, 27046172]"
Don,"Oct20,2006",N/A,804388,N/A,,[],[]
Casino Royale,"Nov17,2006",102000000,40833156,Martin Campbell,50961319,"[u'Daniel Craig', u'Eva Green', u'Mads Mikkelsen']","[38037207, 66938922, 42914423]"
Dhoom 2,"Nov23,2006",N/A,979001,N/A,,[],[]
Blood Diamond,"Dec8,2006",100000000,8648324,Edward Zwick,51174123,"[u'Leonardo DiCaprio', u'Jennifer Connelly', u'Djimon Hounsou']","[83532052, 29137034, 48866069]"
Man cheng jin dai huang jin jia,"Dec21,2006",45000000,478771,Yimou Zhang,9767467,"[u'Chow Yun-Fat', u'Gong Li', u'Jay Chou']","[55091163, 12262700, 3283386]"
Fah talai jone,"Jan12,2007",N/A,7954,N/A,,[],[]
Ghost Rider,"Feb16,2007",120000000,45388836,Mark Steven Johnson,54722543,"[u'Nicolas Cage', u'Eva Mendes', u'Wes Bentley']","[43698332, 48672423, 30802103]"
Eklavya - The Royal Guard,"Feb16,2007",N/A,182246,N/A,,[],[]
300,"Mar9,2007",60000000,70885301,Zack Snyder,86558163,"[u'Gerard Butler', u'Lena Headey', u'Dominic West']","[51560439, 21908193, 80451942]"
Gwoemul,"Mar9,2007",12000000,314488,N/A,,[],[]
TMNT,"Mar23,2007",35000000,24255205,Kevin Munroe,54149098,"[u'James Arnold Taylor', u'Nolan North', u'Mitchell Whitfield']","[44655326, 51857253, 30350676]"
Pathfinder,"Apr13,2007",N/A,5001214,N/A,,"[u'Karl Urban', u'Moon Bloodgood', u'Russell Means']","[114238659, 41772186, 37983008]"
Redline,"Apr13,2007",N/A,3962385,N/A,,"[u'Eddie Griffin', u'Angus MacFadyen', u'Adam del Rio']","[33515329, 27213817, 103639126]"
Next,"Apr27,2007",N/A,7133049,Lee Tamahori,45941479,"[u'Nicolas Cage', u'Julianne Moore', u'Jessica Biel']","[43698332, 28028783, 34092425]"
The Condemned,"Apr27,2007",N/A,3807595,N/A,,"[u'Steve Austin', u'Vinnie Jones', u'Madeleine West']","[89519896, 33980133, 7371706]"
Dnevnoy dozor,"Jun1,2007",N/A,46730,Timur Bekmambetov,45489944,"[u'Konstantin Khabensky', u'Maria Poroshina', u'Vladimir Menshov']","[67483823, 459095, 459095]"
Fantastic Four: Rise of the Silver Surfer,"Jun15,2007",120000000,58051684,Tim Story,79801885,"[u'Ioan Gruffudd', u'Jessica Alba', u'Chris Evans']","[46965496, 51710231, 35332810]"
DOA: Dead or Alive,"Jun15,2007",30000000,260713,Corey Yuen,31455873,"[u'Devon Aoki', u'Eric Roberts', u'Jaime Pressly']","[25827534, 31649622, 25771662]"
Live Free or Die Hard,"Jun27,2007",110000000,33369559,Len Wiseman,82939656,"[u'Bruce Willis', u'Justin Long', u'Timothy Olyphant']","[50258978, 44489499, 33939580]"
Nitro,"Jun30,2007",N/A,259157,N/A,,[],[]
Transformers,"Jul2,2007",151000000,70502384,Michael Bay,173420686,"[u'Shia LaBeouf', u'Tyrese Gibson', u'Josh Duhamel']","[104443898, 108767265, 102521640]"
Rescue Dawn,"Jul4,2007",10000000,110326,Werner Herzog,1061664,"[u'Christian Bale', u'Steve Zahn', u'Jeremy Davies']","[51780648, 36969192, 30883158]"
Khon fai bin,"Jul6,2007",N/A,1082,N/A,,[],[]
Cash,"Aug3,2007",N/A,N/A,N/A,,[],[]
Rush Hour 3,"Aug10,2007",180000000,49100158,Brett Ratner,85688542,"[u'Chris Tucker', u'Jackie Chan', u'Hiroyuki Sanada']","[72941433, 54013489, 43100537]"
The Last Legion,"Aug17,2007",67000000,2746312,N/A,,"[u'Colin Firth', u'Ben Kingsley', u'Aishwarya Rai']","[33207214, 22360597, 6007991]"
War,"Aug24,2007",25000000,9820089,Philip G. Atwell,97745705,"[u'Jet Li', u'Jason Statham', u'John Lone']","[41023160, 32462147, 50991629]"
Death Sentence,"Aug31,2007",20000000,4231321,N/A,,"[u'Kevin Bacon', u'Garrett Hedlund', u'Kelly Preston']","[29037076, 70597233, 29852535]"
Ladron que roba a ladron,"Aug31,2007",N/A,1626090,Joe Menendez,4011254,[],[]
Fong juk,"Aug31,2007",4500000,15502,N/A,,"[u'Chi Wai Wong', u'Simon Yam', u'Ellen Chan']","[51957, 25978, 51957]"
Shoot 'Em Up,"Sep7,2007",N/A,5716554,N/A,,"[u'Clive Owen', u'Monica Bellucci', u'Paul Giamatti']","[29613085, 55158528, 48343979]"
D-War,"Sep14,2007",32000000,5041239,N/A,,"[u'Jason Behr', u'Amanda Brooks', u'Robert Forster']","[34869258, 33561569, 17975963]"
Resident Evil: Extinction,"Sep21,2007",45000000,23678580,Russell Mulcahy,14563446,"[u'Milla Jovovich', u'Oded Fehr', u'Ali Larter']","[21401747, 55850048, 36832005]"
The Kingdom,"Sep28,2007",72500000,17135055,Peter Berg,69642015,"[u'Jamie Foxx', u'Chris Cooper', u'Jennifer Garner']","[48780465, 44072785, 68839772]"
No Country for Old Men,"Nov9,2007",25000000,1226333,Ethan Coen,29334250,"[u'Tommy Lee Jones', u'Javier Bardem', u'Josh Brolin']","[54134992, 24943225, 28234072]"
Hitman,"Nov21,2007",17500000,13180769,N/A,,"[u'Timothy Olyphant', u'Dougray Scott', u'Olga Kurylenko']","[33939580, 49411767, 42454059]"
Middonaito guru,"Nov23,2007",N/A,2543,N/A,,[],[]
Aliens vs. Predator - Requiem,"Dec25,2007",N/A,10059425,N/A,,"[u'Steven Pasquale', u'Reiko Aylesworth', u'John Ortiz']","[20928897, 46523695, 53196346]"
In the Name of the King: A Dungeon Siege Tale,"Jan11,2008",60000000,2984524,Uwe Boll,3222928,"[u'Claire Forlani', u'Matthew Lillard', u'Ray Liotta']","[16379774, 27676974, 30045251]"
Cloverfield,"Jan18,2008",25000000,40058229,Matt Reeves,42852410,"[u'Lizzy Caplan', u'Jessica Lucas', u'T.J. Miller']","[42777435, 35880600, 69698593]"
Beaufort,"Jan18,2008",N/A,6808,N/A,,[],[]
Rambo,"Jan25,2008",47500000,18203876,Sylvester Stallone,78254875,"[u'Sylvester Stallone', u'Julie Benz', u'Matthew Marsden']","[43488720, 24726544, 90909568]"
Vexville,"Feb14,2008",N/A,3227,N/A,,[],[]
Never Back Down,"Mar14,2008",21000000,8603195,N/A,,"[u'Djimon Hounsou', u'Amber Heard', u'Sean Faris']","[48866069, 26328904, 22084644]"
Doomsday,"Mar14,2008",33000000,4926565,N/A,,"[u'Rhona Mitra', u'Bob Hoskins', u'Malcolm McDowell']","[34135181, 23725866, 19788443]"
Dao huo xian,"Mar14,2008",N/A,N/A,N/A,,"[u'Donnie Yen', u'Louis Koo', u'Lui Leung-wai']","[24809485, 0, 0]"
Race,"Mar21,2008",N/A,802254,N/A,,[],[]
The Forbidden Kingdom,"Apr18,2008",55000000,21401121,Rob Minkoff,151129086,"[u'Jackie Chan', u'Jet Li', u'Michael Angarano']","[54013489, 41023160, 11063603]"
Tashan,"Apr25,2008",N/A,301225,N/A,,[],[]
Iron Man,"May2,2008",186000000,102118668,Jon Favreau,188337435,"[u'Robert Downey, Jr.', u'Terrence Howard', u'Jeff Bridges']","[38879474, 43071288, 34092114]"
Redbelt,"May2,2008",7000000,63361,David Mamet,22390553,"[u'Chiwetel Ejiofor', u'Emily Mortimer', u'Alice Braga']","[44984149, 27528950, 37767829]"
Speed Racer,"May9,2008",120000000,18561337,Andy Wachowski,113027381,"[u'Emile Hirsch', u'Christina Ricci', u'John Goodman']","[12332515, 21370148, 31152937]"
OSS 117,"May9,2008",N/A,31418,N/A,,[],[]
Wanted,"Jun27,2008",75000000,50927085,Timur Bekmambetov,45489944,"[u'James McAvoy', u'Morgan Freeman', u'Angelina Jolie']","[49830639, 58006108, 54325095]"
Hancock,"Jul1,2008",150000000,62603879,Peter Berg,69642015,"[u'Will Smith', u'Charlize Theron', u'Jason Bateman']","[127172954, 28391679, 61195249]"
Hellboy 2: The Golden Army,"Jul11,2008",82500000,34539115,Guillermo Del Toro,40255516,"[u'Ron Perlman', u'Selma Blair', u'Doug Jones']","[15987081, 22393701, 49957464]"
The Dark Knight,"Jul18,2008",185000000,158411483,Christopher Nolan,168173107,"[u'Christian Bale', u'Michael Caine', u'Heath Ledger']","[51780648, 42745134, 63569205]"
The X-Files: I Want to Believe,"Jul25,2008",35000000,10021753,N/A,,"[u'David Duchovny', u'Gillian Anderson', u'Amanda Peet']","[20645686, 13854584, 25074975]"
Singh is Kinng,"Aug8,2008",N/A,1198721,N/A,,"[u'Akshay Kumar', u'Om Puri', u'Sonu Sood']","[1722624, 18284943, 1906030]"
Hell Ride,"Aug8,2008",N/A,100164,Larry Bishop,146817,"[u'Larry Bishop', u'Michael Madsen', u'Eric Balfour']","[14142271, 32096349, 41598738]"
Death Race,"Aug22,2008",65000000,12621090,Paul Anderson,41072494,"[u'Jason Statham', u'Tyrese Gibson', u'Ian McShane']","[32462147, 108767265, 54518206]"
Babylon A.D.,"Aug29,2008",45000000,9484627,Mathieu Kassovitz,27584396,"[u'Vin Diesel', u'Melanie Thierry', u'Michelle Yeoh']","[72269205, 11397752, 41490756]"
Sukiyaki Western Django,"Aug29,2008",N/A,9856,N/A,,[],[]
Bangkok Dangerous,"Sep5,2008",45000000,7783266,Oxide Pang Chun,20528740,"[u'Nicolas Cage', u'Shahkrit Yamnarm', u'Charlie Yeung']","[43698332, 15298133, 15298133]"
Tropa de Elite,"Sep19,2008",6537890,3604,N/A,,[],[]
RocknRolla,"Oct8,2008",18000000,144701,Guy Ritchie,41567227,"[u'Gerard Butler', u'Tom Wilkinson', u'Thandie Newton']","[51560439, 30700791, 48686782]"
Ashes of Time Redux,"Oct10,2008",N/A,21372,Wong Kar-wai,820768,"[u'Jacky Cheung', u'Leslie Cheung', u'Maggie Cheung']","[60655, 173526, 5050931]"
Max Payne,"Oct17,2008",35000000,17639849,N/A,,"[u'Mark Wahlberg', u'Mila Kunis', u'Beau Bridges']","[57069149, 39505153, 7832447]"
Quantum of Solace,"Nov14,2008",230000000,67528882,Marc Forster,52030184,"[u'Daniel Craig', u'Olga Kurylenko', u'Mathieu Amalric']","[38037207, 42454059, 25096025]"
Transporter 3,"Nov26,2008",N/A,12063452,N/A,,"[u'Jason Statham', u'Fran\xe7ois Berleand', u'Robert Knepper']","[32462147, 33369121, 36561447]"
Punisher: War Zone,"Dec5,2008",35000000,4271451,Lexi Alexander,8050977,"[u'Ray Stevenson', u'Dominic West', u'Doug Hutchison']","[48017095, 80451942, 50670784]"
The Kings of Appletown,"Dec12,2008",7000000,N/A,N/A,,"[u'Cole Sprouse', u'Dylan Sprouse', u'Victoria Justice']","[49439890, 62362332, 0]"
The Spirit,"Dec25,2008",60000000,6463278,Frank Miller,101508315,"[u'Gabriel Macht', u'Eva Mendes', u'Sarah Paulson']","[24696908, 48672423, 37949528]"
Underworld 3: Rise of the Lycans,"Jan23,2009",35000000,20828511,N/A,,"[u'Michael Sheen', u'Bill Nighy', u'Rhona Mitra']","[62899128, 53992159, 34135181]"
Chocolate,"Jan30,2009",N/A,11180,N/A,,[],[]
Street Fighter: The Legend of Chun-Li,"Feb27,2009",50000000,4721110,N/A,,"[u'Kristin Kreuk', u'Michael Clarke Duncan', u'Chris Klein']","[8951086, 64849839, 26523167]"
Watchmen,"Mar6,2009",138000000,55214334,Zack Snyder,86558163,"[u'Malin Ackerman', u'Billy Crudup', u'Matthew Goode']","[72892074, 29769878, 21105023]"
12 Rounds,"Mar27,2009",20000000,5329240,Renny Harlin,33769537,"[u'John Cena', u'Aidan Gillen', u'Ashley Scott']","[10426623, 4082527, 31195131]"
The Fifth Commandment,"Mar31,2009",N/A,N/A,N/A,,[],[]
Fast & Furious,"Apr3,2009",85000000,70950500,Justin Lin,39777533,"[u'Vin Diesel', u'Paul Walker', u'Michelle Rodriguez']","[72269205, 48509445, 107570536]"
Fighting,"Apr24,2009",N/A,11024370,N/A,,"[u'Channing Tatum', u'Luis Guzman', u'Terrence Howard']","[58853588, 28767408, 43071288]"
The Mutant Chronicles,"Apr24,2009",N/A,4724,N/A,,"[u'Thomas Jane', u'John Malkovich', u'Ron Perlman']","[17446906, 20494676, 15987081]"
X-Men Origins: Wolverine,"May1,2009",150000000,85058003,Gavin Hood,64177269,"[u'Hugh Jackman', u'Liev Schreiber', u'Danny Huston']","[96095343, 35997245, 39828910]"
Terminator Salvation: The Future Begins,"May21,2009",200000000,42558390,Joseph McGinty Nichol,98746926,"[u'Christian Bale', u'Sam Worthington', u'Moon Bloodgood']","[51780648, 133531906, 41772186]"
The Taking of Pelham 123,"Jun12,2009",110000000,23373102,Tony Scott,56893484,"[u'Denzel Washington', u'John Travolta', u'John Turturro']","[47090683, 59086253, 32725521]"
Transformers: Revenge of the Fallen,"Jun24,2009",210000000,108966307,Michael Bay,173420686,"[u'Shia LaBeouf', u'Megan Fox', u'Josh Duhamel']","[104443898, 130036105, 102521640]"
Blood: The Last Vampire,"Jul10,2009",N/A,110029,Chris Nahon,18545077,"[u'Gianna', u'Allison Miller', u'Liam Cunningham']","[128341, 32211875, 53589314]"
G.I. Joe: The Rise of Cobra,"Aug7,2009",175000000,54713046,Stephen Sommers,99746843,"[u'Adewale Akinnuoye-Agbaje', u'Christopher Eccleston', u'Joseph Gordon-Levitt']","[79743228, 37822246, 36697831]"
Inglourious Basterds,"Aug20,2009",70000000,N/A,N/A,,[],[]
Der Baader Meinhof Komplex,"Aug21,2009",19700000,17348,N/A,,[],[]
Gamer,"Sep4,2009",50000000,9156057,J.C. Cantu,23564276,"[u'Gerard Butler', u'Michael C. Hall', u'Amber Valletta']","[51560439, 82383218, 41909378]"
Surrogates,"Sep25,2009",80000000,14902692,Brandon Lambdin,38577772,"[u'Bruce Willis', u'Radha Mitchell', u'Rosamund Pike']","[50258978, 23367582, 33175189]"
Cirque du Freak: The Vampire's Assistant,"Oct23,2009",40000000,6293205,Paul Weitz,64102879,"[u'Josh Hutcherson', u'John C. Reilly', u'Salma Hayek']","[45491591, 37663494, 33227285]"
Ong-Bak 2,"Oct23,2009",15000000,26564,N/A,,"[u'Tony Jaa', u'Sorapong Chatree', u'Sarunyu Wongkrajang']","[5569904, 102458, 102458]"
The Boondock Saints 2: All Saints Day,"Oct30,2009",8000000,N/A,N/A,,[],[]
2012,"Nov13,2009",200000000,N/A,N/A,,[],[]
Red Cliff,"Nov20,2009",40000000,13104,John Woo,59407571,"[u'Tony Leung Chiu Wai', u'Takeshi Kaneshiro', u'Zhang Fengyi']","[7035963, 1979350, 313523]"
Ninja Assassin,"Nov25,2009",50000000,N/A,N/A,,[],[]
Avatar,"Dec18,2009",425000000,N/A,N/A,,[],[]
Bitch Slap,"Jan8,2010",N/A,12254,N/A,,[],[]
The Book of Eli,"Jan15,2010",80000000,N/A,N/A,,[],[]
Repo Men,"Mar19,2010",32000000,N/A,N/A,,[],[]
Clash of the Titans,"Apr1,2010",125000000,N/A,N/A,,[],[]
The Losers,"Apr23,2010",25000000,N/A,N/A,,[],[]
Joheunnom nabbeunnom isanghannom,"Apr23,2010",10000000,4775,Kim Jee-woon,128486,[],[]
Robin Hood,"May14,2010",210000000,N/A,N/A,,[],[]
Prince of Persia: Sands of Time,"May28,2010",200000000,30095259,Mike Newell,40764189,"[u'Jake Gyllenhaal', u'Gemma Arterton', u'Ben Kingsley']","[36285088, 54012853, 22360597]"
Killers,"Jun4,2010",75000000,15837266,Robert Luketic,68923227,"[u'Ashton Kutcher', u'Katherine Heigl', u'Tom Selleck']","[49361780, 38610070, 36023217]"
The A-Team,"Jun11,2010",110000000,25669455,Joe Carnahan,41116829,"[u'Liam Neeson', u'Bradley Cooper', u'Jessica Biel']","[49267642, 73103313, 34092425]"
Jonah Hex,"Jun18,2010",47000000,5379365,N/A,,"[u'Josh Brolin', u'John Malkovich', u'Megan Fox']","[28234072, 20494676, 130036105]"
Knight and Day,"Jun23,2010",117000000,20139985,James Mangold,52925781,"[u'Tom Cruise', u'Cameron Diaz', u'Peter Sarsgaard']","[97643800, 87359049, 22149060]"
Predators,"Jul9,2010",40000000,N/A,N/A,,[],[]
The Expendables,"Aug13,2010",82000000,34825135,Sylvester Stallone,78254875,"[u'Sylvester Stallone', u'Jason Statham', u'Jet Li']","[43488720, 32462147, 41023160]"
Centurion,"Aug27,2010",15000000,42826,N/A,,"[u'Michael Fassbender', u'Olga Kurylenko', u'Dominic West']","[42831594, 42454059, 80451942]"
Machete,"Sep3,2010",12500000,11416164,Ethan Maniquis,52342707,"[u'Danny Trejo', u'Robert De Niro', u'Jessica Alba']","[29386516, 37643562, 51710231]"
Robot,"Oct1,2010",N/A,2158635,N/A,,[],[]
Ip Man,"Oct1,2010",N/A,N/A,Wilson Yip,0,"[u'Donnie Yen', u'Simon Yam', u'Xiong Dazhi']","[24809485, 25978, 0]"
Red,"Oct15,2010",60000000,N/A,N/A,,[],[]
Unstoppable,"Nov12,2010",95000000,22688457,Tony Scott,56893484,"[u'Denzel Washington', u'Chris Pine', u'Rosario Dawson']","[47090683, 61462769, 28239035]"
Faster,"Nov24,2010",12000000,8523153,Sarah Halley Finn,96757247,"[u'Dwayne Johnson', u'Mauricio Lopez', u'James Gaines']","[74514435, 23240020, 23240020]"
Chuzhaya,"Dec17,2010",N/A,N/A,N/A,,[],[]
The Green Hornet,"Jan14,2011",110000000,33526876,Michel Gondry,8999237,"[u'Seth Rogen', u'Jay Chou', u'Cameron Diaz']","[106153970, 3283386, 87359049]"
Ong Bak 3,"Jan14,2011",N/A,5648,Panna Rittikrai,,"[u'Tony Jaa', u'Nirut Sirijanya', u'Dan Chupong']","[5569904, 102458, 102458]"
The Mechanic,"Jan28,2011",42500000,11422006,Simon West,98293313,"[u'Jason Statham', u'Ben Foster', u'Donald Sutherland']","[32462147, 31899563, 27437259]"
Ip Man: Legend of the Grand Master,"Jan28,2011",N/A,61057,Wilson Yip,0,"[u'Donnie Yen', u'Sammo Hung Kam-Bo', u'Huang Xiao-ming']",[]
The Eagle,"Feb11,2011",25000000,8684464,Kevin MacDonald,19739412,"[u'Channing Tatum', u'Jamie Bell', u'Donald Sutherland']","[58853588, 38531098, 27437259]"
Drive Angry,"Feb25,2011",50000000,5187625,Patrick Lussier,32209537,"[u'Nicolas Cage', u'Amber Heard', u'William Fichtner']","[43698332, 26328904, 73611866]"
Ultramarines,"Feb26,2011",N/A,N/A,N/A,,[],[]
Battle: Los Angeles,"Mar11,2011",70000000,35573187,Jonathan Liebesman,,"[u'Aaron Eckhart', u'Michelle Rodriguez', u'Ramon Rodriguez']","[44105927, 107570536, 155866893]"
Bay Rong,"Mar11,2011",N/A,12249,N/A,,[],[]
Sucker Punch,"Mar25,2011",75000000,19058199,Zack Snyder,86558163,"[u'Emily Browning', u'Abbie Cornish', u'Jena Malone']","[41992813, 11864697, 26675338]"
Jing mo fung wan: Chen Zhen,"Apr22,2011",N/A,11365,Andy Lau,,"[u'Donnie Yen', u'Shu Qi', u'Anthony Wong']","[24809485, 6778040, 56109808]"
Deep Gold 3D,"Apr22,2011",N/A,N/A,Michael Gleissner,,"[u'Bebe Pham', u'Jaymee Ong', u'Ken Arden']",[]
Fast Five,"Apr29,2011",125000000,86198765,Justin Lin,39777533,"[u'Vin Diesel', u'Paul Walker', u'Dwayne Johnson']","[72269205, 48509445, 74514435]"
Jsan-nin no shikaku,"Apr29,2011",N/A,45854,Takashi Miike,,"[u'Koji Yakusho', u'Takayuki Yamada', u'Yusuke Iseya']",[]
Thor,"May6,2011",150000000,65723338,Kenneth Branagh,10824743,"[u'Chris Hemsworth', u'Natalie Portman', u'Tom Hiddleston']",[]
Su Qi Er,"May13,2011",N/A,17857,Yuen Woo Ping,166814479,"[u'Vincent Zhao', u'Zhou Xun', u'Andy On']",[]
X-Men: First Class,"Jun3,2011",160000000,55101604,Matthew Vaughn,29784826,"[u'James McAvoy', u'Michael Fassbender', u'Jennifer Lawrence']","[49830639, 42831594, 2244077]"
Green Lantern,"Jun17,2011",200000000,53174303,Martin Campbell,50961319,"[u'Ryan Reynolds', u'Blake Lively', u'Peter Sarsgaard']","[34832046, 30547830, 22149060]"
Transformers: Dark of the Moon,"Jun29,2011",195000000,97852865,Michael Bay,173420686,"[u'Shia LaBeouf', u'John Turturro', u'Josh Duhamel']","[104443898, 32725521, 102521640]"
Gekijouban Trigun: Badlands Rumble,"Jul8,2011",N/A,29201,N/A,,[],[]
Ironclad,"Jul8,2011",N/A,N/A,Jonathan English,,"[u'Paul Giamatti', u'Kate Mara', u'Brian Cox']","[48343979, 46049559, 33662669]"
Captain America: The First Avenger,"Jul22,2011",140000000,65058524,Joe Johnston,91422746,"[u'Chris Evans', u'Tommy Lee Jones', u'Hugo Weaving']","[35332810, 54134992, 134753714]"
Cowboys and Aliens,"Jul29,2011",163000000,36431290,Jon Favreau,188337435,"[u'Daniel Craig', u'Abigail Spencer', u'Buck Taylor']",[]
Attack the Block,"Jul29,2011",13000000,139506,Joe Cornish,,"[u'John Boyega', u'Jodie Whittaker', u'Alex Esmail']",[]
Assassination Games,"Jul29,2011",N/A,N/A,Ernie Barbarash,,"[u'Jean-Claude Van Damme', u'Scott Adkins', u'Michael Higgs']",[]
Bellflower,"Aug5,2011",N/A,22279,Evan Glodell,,"[u'Evan Glodell', u'Jessie Wiseman', u'Tyler Dawson']",[]
Conan the Barbarian 3D,"Aug19,2011",90000000,10021215,Marcus Nispel,,"[u'Jason Momoa', u'Rachel Nichols', u'Stephen Lang']",[]
Bodyguard,"Aug31,2011",N/A,863751,Siddique,,"[u'Salman Khan', u'Kareena Kapoor', u'Raj Babbar']",[]
Salvando al Soldado Perez,"Sep2,2011",4500000,664517,Beto Gomez,,"[u'Miguel Rodarte', u'Benito Garcia', u'Jaime Camil']",[]
Shaolin,"Sep9,2011",N/A,19132,Benny Chan,,"[u'Andy Lau', u'Nicholas Tse', u'Jackie Chan']","[2535972, 334812, 54013489]"
Drive,"Sep16,2011",15000000,11340461,Nicolas Winding Refn,,"[u'Ryan Gosling', u'Carey Mulligan', u'Bryan Cranston']","[24241014, 29086590, 16556939]"
Killer Elite,"Sep23,2011",70000000,9352008,Gary McKendry,,"[u'Jason Statham', u'Clive Owen', u'Robert De Niro']","[32462147, 29613085, 37643562]"
Force,"Sep30,2011",N/A,N/A,Nishikanth Kamath,,"[u'John Abraham', u'Vidyut Jamwal', u""Genelia D'Souza""]",[]
Bunraku,"Sep30,2011",N/A,N/A,Guy Moshe,,"[u'Josh Hartnett', u'Woody Harrelson', u'Gackt']",[]
Real Steel,"Oct7,2011",110000000,27319677,Shawn Levy,104253891,"[u'Hugh Jackman', u'Dakota Goyo', u'Evangeline Lilly']","[96095343, 3172382, 33213917]"
Choejongbyungki Hwal,"Oct14,2011",N/A,40685,Han-Min Kim,,"[u'Hae-Il Park', u'Seung-Ryong Ryoo', u'Chae-Won Moon']",[]
The Reunion,"Oct21,2011",N/A,N/A,Mike Pavone,100196,"[u'John Cena', u'Ethan Embry', u'Boyd Holbrook']",[]
Ra. One,"Oct26,2011",N/A,1654023,N/A,,[],[]
13,"Oct28,2011",N/A,N/A,Gela Babluani,,"[u'Jason Statham', u'Sam Riley', u'Curtis ""50 Cent"" Jackson']","[32462147, 435788, 14258186]"
Immortals,"Nov11,2011",75000000,32206425,Tarsem Singh,61280963,"[u'Henry Cavill', u'Mickey Rourke', u'Luke Evans']","[16296931, 27046172, 81887639]"
Mission: Impossible - Ghost Protocol,"Dec16,2011",145000000,12785204,Brad Bird,130997962,"[u'Tom Cruise', u'Paula Patton', u'Simon Pegg']","[97643800, 32132787, 56161740]"
Sherlock Holmes: A Game of Shadows,"Dec16,2011",125000000,39637079,Guy Ritchie,41567227,"[u'Robert Downey, Jr.', u'Jude Law', u'Noomi Rapace']","[38879474, 35884289, 2713842]"
Don 2,"Dec22,2011",N/A,1673921,Farhan Akhtar,,"[u'Lara Dutta', u'Boman Irani', u'Kunal Kapoor']",[]
The Darkest Hour,"Dec25,2011",34800000,2993519,N/A,,[],[]
Agneepath,"Jan6,2012",N/A,83732,N/A,,[],[]
Contraband,"Jan13,2012",25000000,24349815,Baltasar Kormakur,4115,"[u'Mark Wahlberg', u'Kate Beckinsale', u'Ben Foster']","[57069149, 38924095, 31899563]"
Underworld: Awakening,"Jan20,2012",70000000,25306725,Mans Marlind,,"[u'Kate Beckinsale', u'Stephen Rea', u'Michael Ealy']","[38924095, 13317293, 44030401]"
Red Tails,"Jan20,2012",58000000,18782154,John Aronson,4235837,"[u'Terrence Howard', u'Cuba Gooding, Jr.', u'Nate Parker']","[43071288, 48145770, 25017968]"
Ghost Rider: Spirit of Vengeance,"Feb17,2012",57000000,22115334,Neveldine & Taylor,109045,"[u'Nicolas Cage', u'Violante Placido', u'Ciaran Hinds']","[43698332, 35606376, 28987920]"
Act of Valor,"Feb24,2012",12000000,24476632,"Mike ""Mouse"" McCoy",,"[u'Roselyn Sanchez', u'Alex Veadov', u'Jason Cottle']","[35700274, 100813305, 21536491]"
Tomorrow When the War Began,"Feb24,2012",N/A,3172,Stuart Beattie,182951460,"[u'Caitlin Stasey', u'Deniz Akdeniz', u'Chris Pang']",[]
Seeking Justice,"Mar16,2012",N/A,249912,Roger Donaldson,32762925,"[u'Nicolas Cage', u'January Jones', u'Guy Pearce']","[43698332, 47732539, 27168736]"
Serbuan maut,"Mar23,2012",N/A,213785,Gareth Evans,,"[u'Iko Uwais', u'Yayan Ruhian', u'Joe Taslim']",[]
Bad Ass,"Apr13,2012",N/A,N/A,Craig Moss,,"[u'Danny Trejo', u'Charles S. Dutton', u'Joyful Drake']","[29386516, 24539998, 61153526]"
Safe,"Apr27,2012",33000000,7892539,Boaz Yakin,50008330,"[u'Jason Statham', u'Robert John Burke', u'Chris Sarandon']","[32462147, 17079143, 21404845]"
Battleship,"May18,2012",209000000,N/A,Peter Berg,69642015,"[u'Taylor Kitsch', u'Alexander Skarsg\xe5rd', u'Rihanna']",[]
For Greater Glory,"Jun1,2012",12000000,N/A,Dean Wright,216666223,"[u'Andy Garcia', u'Oscar Isaac', u'Catalina Sandino Moreno']","[27147810, 45782767, 2346861]"
The Girl From the Naked Eye,"Jun15,2012",N/A,N/A,David Ren,,"[u'Samantha Streets', u'Ron Yuan', u'Dominique Swain']",[]
BRO',"Jun22,2012",N/A,5737,Nick Parada,,"[u'Danny Trejo', u'Will Chavez', u'Beau Manley']",[]
Si da ming bu,"Jul12,2012",N/A,N/A,N/A,,"[u'Deng Chao', u'Liu Yifei', u'Ronald Cheng']",[]
The Dark Knight Rises,"Jul20,2012",275000000,N/A,Christopher Nolan,168173107,"[u'Christian Bale', u'Michael Caine', u'Gary Oldman']","[51780648, 42745134, 85570929]"
Total Recall,"Aug3,2012",125000000,N/A,Len Wiseman,82939656,"[u'Colin Farrell', u'Kate Beckinsale', u'Jessica Biel']","[28049825, 38924095, 34092425]"
The Expendables 2,"Aug17,2012",100000000,N/A,Simon West,98293313,"[u'Sylvester Stallone', u'Jason Statham', u'Jet Li']","[43488720, 32462147, 41023160]"
??II (Hu P r),"Aug17,2012",N/A,6424,Wu'ershan,,"[u'Zhou Xun', u'Vicki Zhao', u'Chen Kun']",[]
Long men fei jia,"Aug31,2012",N/A,95452,Tsui Hark,,"[u'Jet Li', u'Zhou Xun', u'Chen Kun']",[]
Mugamoodi,"Aug31,2012",N/A,56603,Mysskin,,"[u'Jiiva', u'Narain', u'Pooja Hegde']",[]
Brawler,"Sep7,2012",N/A,N/A,Chris Sivertson,,"[u'Pell James', u'Bryan Batt', u'Michael Bowen']",[]
Resident Evil: Retribution,"Sep14,2012",65000000,N/A,Paul W.S. Anderson,50124137,"[u'Milla Jovovich', u'Michelle Rodriguez', u'Kevin Durand']","[21401747, 107570536, 91957526]"
Stolen,"Sep14,2012",N/A,183125,Simon West,98293313,"[u'Nicolas Cage', u'Danny Huston', u'Malin Akerman']","[43698332, 39828910, 106524]"
Dredd,"Sep21,2012",45000000,N/A,Pete Travis,72266306,"[u'Karl Urban', u'Olivia Thirlby', u'Lena Headey']","[114238659, 17931463, 21908193]"
Looper,"Sep28,2012",30000000,N/A,Rian Johnson,,"[u'Bruce Willis', u'Joseph Gordon-Levitt', u'Emily Blunt']","[50258978, 36697831, 31045412]"
Thaandavam,"Sep28,2012",N/A,123753,A.L. Vijay,,"[u'Vikram', u'Amy Jackson', u'Jagapati Babu']",[]
Dodookdeul,"Oct12,2012",N/A,105652,Choi Dong-hun,,"[u'Kim Yoon-seok', u'Kim Hye-soo', u'Lee Jung-jae']",[]
Forces spciales,"Oct12,2012",N/A,10759,Stephane Rybojad,,"[u'Diane Kruger', u'Djimon Hounsou', u'Benoit Magimel']",[]
Tai Chi Zero,"Oct19,2012",N/A,85094,Stephen Fung,,"[u'Jayden Yuan', u'Tony Leung Ka Fai', u'Angelababy']",[]
The Man with the Iron Fists,"Nov2,2012",15000000,N/A,RZA,52397389,"[u'Russell Crowe', u'RZA', u'Lucy Alexis Liu']","[37513668, 44687122, 43402157]"
Skyfall,"Nov8,2012",200000000,N/A,Sam Mendes,65824705,"[u'Daniel Craig', u'Javier Bardem', u'Judi Dench']","[38037207, 24943225, 43377624]"
Red Dawn,"Nov21,2012",65000000,N/A,Dan Bradley,124570659,"[u'Chris Hemsworth', u'Josh Peck', u'Adrianne Palicki']","[91097322, 61959840, 23083054]"
Wu Xia,"Nov30,2012",N/A,11137,Peter Ho-Sun Chan,,"[u'Donnie Yen', u'Takeshi Kaneshiro', u'Tang Wei']",[]
Universal Soldier: Day of Reckoning,"Nov30,2012",N/A,3181,John Hyams,,"[u'Jean-Claude Van Damme', u'Dolph Lundgren', u'Scott Adkins']","[21365856, 30396065, 179883157]"
Shi Er Sheng Xiao,"Dec20,2012",N/A,N/A,Jackie Chan,84768594,"[u'Jackie Chan', u'Oliver Platt', u'Laura Weissbecker']",[]
Da Shang Hai,"Dec22,2012",N/A,N/A,Wong Jing,,"[u'Chow Yun-Fat', u'Sammo Hung Kam-Bo', u'Francis Ng']","[55091163, 12240370, 51957]"
Yi dai zong shi,"Jan8,2013",38600000,132617,Wong Kar-wai,820768,"[u'Tony Leung Chiu Wai', u'Zhang Ziyi', u'Song Hye-kyo']",[]
The Last Stand,"Jan18,2013",30000000,N/A,Kim Jee-woon,128486,"[u'Arnold Schwarzenegger', u'Forest Whitaker', u'Johnny Knoxville']","[64253621, 27223174, 49524361]"
Hansel & Gretel: Witch Hunters,"Jan25,2013",50000000,N/A,Tommy Wirkola,46742,"[u'Jeremy Renner', u'Gemma Arterton', u'Famke Janssen']","[24420548, 54012853, 45746164]"
Race 2,"Jan25,2013",N/A,884757,Abbas Mustan,,"[u'Saif Ali Khan', u'Anil Kapoor', u'John Abraham']","[55202, 141319928, 1235028]"
Bullet to the Head,"Feb1,2013",55000000,N/A,Walter Hill,24601290,"[u'Sylvester Stallone', u'Sung Kang', u'Sarah Shahi']","[43488720, 52664476, 75155000]"
Bai she chuan shuo,"Feb8,2013",N/A,5530,Tony Ching,,"[u'Jet Li', u'Eva Huang', u'Raymond Lam']",[]
A Good Day to Die Hard,"Feb14,2013",92000000,N/A,John Moore,129820652,"[u'Bruce Willis', u'Jai Courtney', u'Sebastian Koch']",[]
The Sweeney,"Mar1,2013",N/A,20321,Nick Love,237301,"[u'Ray Winstone', u'Ben Drew', u'Hayley Atwell']",[]
G.I. Joe: Retaliation,"Mar27,2013",140000000,N/A,Jon M. Chu,50209003,"[u'Dwayne Johnson', u'Bruce Willis', u'Channing Tatum']","[74514435, 50258978, 58853588]"
Himmatwala,"Mar29,2013",N/A,197770,Sajid Khan,,"[u'Ajay Devgan', u'Tamannah Bhatia', u'Sajid Khan']",[]
Jeonseolui Joomeok,"Apr12,2013",N/A,49252,Woo-suk Kang,,"[u'Jeong-min Hwang', u'Joon-sang Yoo', u'Je-moon Yoon']",[]
Un flic,"Apr19,2013",N/A,5841,Jean-Pierre Melville,,"[u'Alain Delon', u'Richard Crenna', u'Catherine Deneuve']","[613742, 27848254, 3277043]"
Pain & Gain,"Apr26,2013",26000000,N/A,Michael Bay,173420686,"[u'Mark Wahlberg', u'Dwayne Johnson', u'Anthony Mackie']","[57069149, 74514435, 34215127]"
Tai Chi Hero,"Apr26,2013",N/A,12624,Stephen Fung,,"[u'Tony Leung Ka Fai', u'Jayden Yuan', u'Angelababy']",[]
Iron Man 3,"May3,2013",200000000,N/A,Shane Black,18841724,"[u'Robert Downey, Jr.', u'Gwyneth Paltrow', u'Don Cheadle']","[38879474, 46568598, 53058577]"
Shootout at Wadala,"May3,2013",N/A,8938,N/A,,[],[]
"Cinco de Mayo, La Batalla","May3,2013",10000000,83586,Rafa Lara,,"[u'Christian Vazquez', u'Liz Gallardo', u'William Miller']",[]
Java Heat,"May10,2013",N/A,N/A,Conor Allyn,,"[u'Kellan Lutz', u'Ario Bayu', u'Mickey Rourke']",[]
Fast and Furious 6,"May24,2013",160000000,N/A,Justin Lin,39777533,"[u'Vin Diesel', u'Michelle Rodriguez', u'Paul Walker']","[72269205, 107570536, 48509445]"
After Earth,"May31,2013",130000000,N/A,M. Night Shyamalan,114323345,"[u'Will Smith', u'Jaden Smith', u'Sophie Okonedo']","[127172954, 139514877, 26694317]"
Violet and Daisy,"Jun7,2013",N/A,9982,Geoffrey Fletcher,47566524,"[u'Saoirse Ronan', u'Alexis Bledel', u'James Gandolfini']","[15098420, 22955490, 23841005]"
Man of Steel,"Jun14,2013",225000000,N/A,Zack Snyder,86558163,"[u'Henry Cavill', u'Amy Adams', u'Michael Shannon']","[16296931, 56051220, 33214112]"
Xue di zi,"Jun14,2013",N/A,N/A,Andrew Lau,,"[u'Li Yuchun', u'Shawn Yue', u'Xiaoming Huang']",[]
World War Z,"Jun21,2013",190000000,N/A,Marc Forster,52030184,"[u'Brad Pitt', u'Mireille Enos', u'James Badge Dale']",[]
Alien Uprising,"Jun21,2013",2500000,N/A,Dominic Burns,,"[u'Bianca Bree', u'Sean Brosnan', u'Simon Phillips']",[]
Hammer of the Gods,"Jul5,2013",N/A,164,Farren Blackburn,,"[u'Charlie Bewley', u'Elliot Cowan', u'Clive Standen']",[]
Pacific Rim,"Jul12,2013",190000000,N/A,Guillermo Del Toro,40255516,"[u'Charlie Hunnam', u'Diego Klattenhoff', u'Idris Elba']",[]
Pawn Shop Chronicles,"Jul12,2013",N/A,4915,Wayne Kramer,4462332,"[u'Brendan Fraser', u'Elijah Wood', u""Vincent D'Onofrio""]","[34792764, 66160596, 21067455]"
RED 2,"Jul19,2013",84000000,N/A,Dean Parisot,110550000,"[u'Bruce Willis', u'John Malkovich', u'Mary-Louise Parker']","[50258978, 20494676, 26303746]"
R.I.P.D.,"Jul19,2013",130000000,N/A,Robert Schwentke,81167332,"[u'Jeff Bridges', u'Ryan Reynolds', u'Kevin Bacon']","[34092114, 34832046, 29037076]"
The Wolverine,"Jul26,2013",115000000,N/A,James Mangold,52925781,"[u'Hugh Jackman', u'Hiroyuki Sanada', u'Famke Janssen']","[96095343, 43100537, 45746164]"
2 Guns,"Aug2,2013",61000000,N/A,Baltasar Kormakur,4115,"[u'Mark Wahlberg', u'Denzel Washington', u'Paula Patton']","[57069149, 47090683, 32132787]"
Elysium,"Aug9,2013",120000000,N/A,Neill Blomkamp,115646235,"[u'Matt Damon', u'Jodie Foster', u'Sharlto Copley']","[58072604, 37606816, 96434167]"
Kick-Ass 2,"Aug16,2013",28000000,N/A,Jeff Wadlow,,"[u'Aaron Johnson', u'Christopher Mintz-Plasse', u'Chlo\xeb Grace Moretz']","[29994278, 88566463, 45152010]"
Riddick,"Sep6,2013",38000000,N/A,David Twohy,61906265,"[u'Vin Diesel', u'Jordi Molla', u'Matt Nable']",[]
Bounty Killer,"Sep6,2013",N/A,N/A,Henry Saine,,"[u'Matthew Marsden', u'Kristanna Loken', u'Barak Hardley']",[]
Yip Man: Jung gik yat jin,"Sep20,2013",N/A,7165,Herman Yau,,[],[]
Machete Kills,"Oct11,2013",2000000,N/A,Robert Rodriguez,44784344,"[u'Danny Trejo', u'Michelle Rodriguez', u'Sofia Vergara']","[29386516, 107570536, 35681069]"
Man of Tai Chi,"Nov1,2013",N/A,N/A,Keanu Reeves,,"[u'Keanu Reeves', u'Tiger Chen', u'Karen Mok']","[47324027, 53454, 75705]"
Homefront,"Nov27,2013",22000000,N/A,Gary Fleder,29214919,"[u'Jason Statham', u'James Franco', u'Winona Ryder']","[32462147, 65200251, 31315356]"
Oldboy,"Nov27,2013",N/A,N/A,Spike Lee,19566769,"[u'Josh Brolin', u'Elizabeth Olsen', u'Sharlto Copley']",[]
Dhoom 3,"Dec20,2013",N/A,310734,Vijay Krishna Acharya,,[],[]
Lone Survivor,"Dec25,2013",40000000,N/A,Peter Berg,69642015,"[u'Mark Wahlberg', u'Taylor Kitsch', u'Emile Hirsch']","[57069149, 59317188, 12332515]"
47 Ronin,"Dec25,2013",175000000,N/A,Carl Rinsch,,"[u'Keanu Reeves', u'Hiroyuki Sanada', u'Ko Shibasaki']",[]
Autoreiji: Biyondo,"Jan3,2014",N/A,365,Takeshi Kitano,853718,"[u'Takeshi Kitano', u'Toshiyuki Nishida', u'Tomokazu Miura']",[]
Raze,"Jan10,2014",N/A,3453,Josh C. Waller,,"[u'Zo\xeb Bell', u'Rachel Nichols', u'Tracie Thoms']","[18664297, 55640745, 12521266]"
Jack Ryan: Shadow Recruit,"Jan17,2014",60000000,N/A,Kenneth Branagh,10824743,"[u'Chris Pine', u'Kevin Costner', u'Kenneth Branagh']","[61462769, 41351752, 27790178]"
"I, Frankenstein","Jan24,2014",65000000,N/A,Stuart Beattie,182951460,"[u'Aaron Eckhart', u'Bill Nighy', u'Yvonne Strahovski']",[]
Jai Ho,"Jan24,2014",N/A,176214,Sohail Khan,,[],[]
7 cajas,"Feb7,2014",N/A,N/A,Juan Carlos Maneglia,,"[u'Celso Franco', u'Victor Sosa', u'Lali Gonzalez']",[]
The Outsider,"Feb7,2014",N/A,N/A,Brian A. Miller,,"[u'Jason Patric', u'Craig Fairbrass', u'James Caan']","[14787256, 30060660, 32774808]"
RoboCop,"Feb12,2014",120000000,N/A,Jose Padilha,,"[u'Joel Kinnaman', u'Gary Oldman', u'Michael Keaton']",[]
Gunday,"Feb14,2014",N/A,N/A,Ali Abbas Zafar,,"[u'Ranveer Singh', u'Arjun Kapoor', u'Priyanka Chopra']",[]
Snabba cash II,"Feb14,2014",N/A,N/A,Babak Najafi,,"[u'Joel Kinnaman', u'Mattias Padin Varela', u'Dragomir Mrsic']",[]
Black Out,"Feb21,2014",N/A,1749,Arne Toonen,,"[u'Raymond Thiry', u'Bas Keijzer', u'Kim Van Kooten']",[]
Non-Stop,"Feb28,2014",50000000,N/A,Jaume Collet-Serra,,"[u'Liam Neeson', u'Julianne Moore', u'Scoot McNairy']","[49267642, 28028783, 237301]"
300: Rise of an Empire,"Mar7,2014",110000000,N/A,Noam Murro,,"[u'Sullivan Stapleton', u'Eva Green', u'Lena Headey']","[11210064, 66938922, 21908193]"
Te shu shen fen,"Mar7,2014",N/A,N/A,Clarence Fok Yiu-leung,,"[u'Donnie Yen', u'Jing Tian', u'Zhang Hanyu']",[]
Need for Speed,"Mar14,2014",66000000,N/A,Scott Waugh,,"[u'Aaron Paul', u'Dominic Cooper', u'Imogen Poots']","[64184005, 21763583, 14914459]"
Tiger & Bunny the Movie: The Rising,"Mar14,2014",N/A,23171,N/A,,[],[]
Sabotage,"Mar28,2014",35000000,N/A,David Ayer,112550314,"[u'Arnold Schwarzenegger', u'Sam Worthington', u'Olivia Williams']","[64253621, 133531906, 44063866]"
Serbuan maut 2: Berandal,"Mar28,2014",N/A,165292,Gareth Evans,,"[u'Iko Uwais', u'Arifin Putra', u'Oka Antara']",[]
Captain America: The Winter Soldier,"Apr4,2014",170000000,N/A,Anthony Russo,75802010,"[u'Chris Evans', u'Scarlett Johansson', u'Sebastian Stan']","[35332810, 38021727, 12086497]"
In the Blood,"Apr4,2014",N/A,N/A,John Stockwell,,"[u'Gina Carano', u'Luis Guzman', u'Amaury Nolasco']",[]
Kochadaiiyaan,"Apr11,2014",N/A,583172,Soundarya Rajinkanth,,"[u'Rajinikanth Rajinikanth', u'Deepika Padukone', u'R. Sarathkumar']",[]
Poseidon Rex,"Apr18,2014",N/A,N/A,Mark L. Lester,15541202,"[u'Brian Krause', u'Anne McDaniels', u'Steven Helmkamp']",[]
Brick Mansions,"Apr25,2014",28000000,N/A,Camille Delamarre,,"[u'Paul Walker', u'David Belle', u'RZA']",[]
The Amazing Spider-Man 2,"May2,2014",200000000,N/A,Marc Webb,,"[u'Andrew Garfield', u'Emma Stone', u'Jamie Foxx']","[20391251, 49876512, 48780465]"
Tom yum goong 2,"May2,2014",N/A,270,Prachya Pinkaew,,"[u'Tony Jaa', u'RZA', u'Mum Jokmok']","[5569904, 44687122, 102458]"
Godzilla,"May16,2014",160000000,N/A,Gareth Edwards,237301,"[u'Aaron Taylor-Johnson', u'C.J. Adams', u'Ken Watanabe']",[]
X-Men: Days of Future Past,"May23,2014",200000000,N/A,Bryan Singer,114608655,"[u'Hugh Jackman', u'James McAvoy', u'Michael Fassbender']","[96095343, 49830639, 42831594]"
Tapped Out,"May27,2014",N/A,N/A,Allan Ungar,,"[u'Cody Hackman', u'Krysztof Sosynski', u'Anderson Silva']",[]
Edge of Tomorrow,"Jun6,2014",178000000,N/A,Doug Liman,92480922,"[u'Tom Cruise', u'Emily Blunt', u'Bill Paxton']","[97643800, 31045412, 52566524]"
The Human Race,"Jun13,2014",N/A,N/A,Paul Hough,,"[u'Paul McCarthy-Boyington', u'Eddie McGee', u'Trista Robinson']",[]
U-neun nam-ja,"Jun20,2014",N/A,N/A,Jeong-beom Lee,,"[u'Jang Dong-Gun', u'Kim Min-hee', u'Brian Tee']",[]
Transformers: Age of Extinction,"Jun27,2014",210000000,N/A,Michael Bay,173420686,"[u'Mark Wahlberg', u'Stanley Tucci', u'Nicola Peltz']","[57069149, 29410168, 131772187]"
Ek Villain,"Jun27,2014",N/A,414116,Mohit Suri,,"[u'Sidharth Malhotra', u'Shraddha Kapoor', u'Riteish Deshmukh']",[]
The Breakup Guru,"Jun27,2014",N/A,67000,Chao Deng,,"[u'Chao Deng', u'Mi Yang', u'Yan Liu']",[]
Arme Riddere,"Jun27,2014",N/A,806,Magnus Martens,,"[u'Kyrre Hellum', u'Mads Ousdal', u'Arthur Berning']",[]
K Missing Kings,"Jul18,2014",N/A,N/A,Shingo Suzuki,,"[u'Daisuke Namikawa', u'Daisuke Ono', u'Mikako Komatsu']",[]
Lucy,"Jul25,2014",40000000,N/A,Luc Besson,21547666,"[u'Scarlett Johansson', u'Morgan Freeman', u'Choi Min-sik']",[]
Hercules,"Jul25,2014",100000000,N/A,Brett Ratner,85688542,"[u'Dwayne Johnson', u'Ian McShane', u'Rufus Sewell']","[74514435, 54518206, 20028822]"
Kick,"Jul25,2014",N/A,1071373,Sajid Nadiadwala,,"[u'Salman Khan', u'Jacqueline Fernandez', u'Nawazuddin Siddiqui']",[]
Ironclad: Battle for Blood,"Jul25,2014",N/A,N/A,Jonathan English,,"[u'Tom Austen', u'Tom Harries', u'Roxanne McKee']",[]
Myeong-ryang - Hoe-o-ri-ba-da,"Aug8,2014",N/A,43000,Han-Min Kim,,"[u'Choi Min-sik', u'Ryu Seung-Ryong', u'Cho Jin-woong']",[]
The Expendables 3,"Aug15,2014",100000000,N/A,Patrick Hughes,21087,"[u'Sylvester Stallone', u'Jason Statham', u'Antonio Banderas']","[43488720, 32462147, 49913828]"
Singham Returns,"Aug15,2014",N/A,654045,Rohit Shetty,,"[u'Ajay Devgan', u'Kareena Kapoor', u'Anupam Kher']","[1028191, 346673, 13465415]"
Saints and Soldiers: The Void,"Aug15,2014",N/A,N/A,Ryan Little,1310470,"[u'Danor Gerald', u'Matt Meese', u'Michael Behrens']",[]
Sin City: A Dame to Kill For,"Aug22,2014",65000000,N/A,Frank Miller,101508315,"[u'Jessica Alba', u'Powers Boothe', u'Josh Brolin']","[51710231, 25972365, 28234072]"
The Prince,"Aug22,2014",18000000,N/A,Brian A. Miller,,"[u'Jason Patric', u'Bruce Willis', u'John Cusack']","[14787256, 50258978, 23168062]"
Kundo: min-ran-eui-si-dae,"Aug29,2014",N/A,120857,Jong-bin Yun,,"[u'Ha Jung-woo', u'Dong-won Kang', u'Sung-min Lee']",[]
Innocence,"Sep5,2014",N/A,235224,Hilary Brougher,,"[u'Kelly Reilly', u'Sophie Curtis', u'Graham Phillips']",[]
A Walk Among the Tombstones,"Sep19,2014",N/A,N/A,Scott Frank,75416168,"[u'Liam Neeson', u'Dan Stevens', u'David Harbour']",[]
Bing Fung: Chung Sang Chi Mun,"Sep19,2014",N/A,N/A,Wing-cheong Law,,"[u'Donnie Yen', u'Simon Yam', u'Wing-cheong Law']",[]
The Equalizer,"Sep26,2014",N/A,N/A,Antoine Fuqua,28050107,"[u'Denzel Washington', u'Chlo\xeb Grace Moretz', u'Marton Csokas']","[47090683, 45152010, 104792593]"
Dracula Untold,"Oct10,2014",N/A,N/A,Gary Shore,,"[u'Luke Evans', u'Gary Shore', u'Matt Sazama']",[]
Revenge of the Green Dragons,"Oct24,2014",N/A,N/A,Wai-keung Lau,,[],[]
